Date,Open,High,Low,Close,Volume
2015-01-21,18.8393,22.3214,18.8393,19.6429,21000680
2015-01-22,19.7321,24.1071,19.375,23.3929,5607509
2015-01-25,21.9643,23.8393,21.875,23.3036,10163900
2015-01-26,23.6607,24.5536,22.1429,22.5893,5492724
2015-01-27,21.6964,22.5893,21.1607,21.4286,6251644
2015-01-28,21.4286,22.8571,21.1607,22.5,5857014
2015-01-29,23.0357,23.125,22.1429,22.4107,4843989
2015-02-01,22.2321,22.4107,21.3393,21.6964,3322088
2015-02-02,21.4286,22.1429,21.25,21.6071,2716441
2015-02-03,21.875,21.875,20.3571,20.5357,4364182
2015-02-04,20.625,20.8929,19.375,19.5536,2648901
2015-02-05,19.2857,20.0893,18.9286,19.375,2325508
2015-02-08,19.1964,19.4643,17.5,17.8571,2770742
2015-02-09,17.6786,18.125,16.9643,17.1429,2182474
2015-02-10,17.1429,17.7679,16.9643,17.6786,1841118
2015-02-11,17.8571,17.9464,17.4107,17.5,1601524
2015-02-12,17.4107,17.7679,17.1429,17.3214,1533206
2015-02-15,17.4107,18.75,17.4107,18.4821,2023015
2015-02-16,18.75,18.8393,18.3929,18.5714,1741887
2015-02-17,18.4821,18.6607,17.8571,18.4821,2213045
2015-02-19,17.5893,17.6786,16.7857,17.5,2480637
2015-02-22,17.2321,17.5893,16.9643,17.0536,858843
2015-02-23,17.1429,17.1429,16.25,16.4286,1119585
2015-02-24,16.4286,16.7857,16.25,16.6071,817201
2015-02-25,16.6071,16.7857,16.1607,16.25,734871
2015-02-26,16.25,16.6071,16.1607,16.1607,639113
2015-03-01,16.1607,16.3393,15.9821,16.0714,754591
2015-03-02,16.0714,16.25,15.8929,16.0714,309742
2015-03-03,15.8929,15.9821,15.8036,15.8929,653531
2015-03-04,15.8929,16.4286,15.8929,16.25,436765
2015-03-05,16.5179,16.875,16.0714,16.4286,957727
2015-03-08,16.4286,16.6964,16.3393,16.6071,416246
2015-03-09,16.7857,17.2321,16.4286,16.9643,937189
2015-03-10,17.0536,17.1429,16.6071,16.6964,754394
2015-03-11,16.7857,16.875,16.3393,16.4286,794369
2015-03-12,16.4286,16.6964,16.1607,16.3393,369283
2015-03-15,16.1607,16.3393,15.8036,15.8929,675582
2015-03-16,16.0714,16.0714,15.1786,15.2679,517683
2015-03-18,15.4464,15.625,15.0893,15.5357,476660
2015-03-19,15.8929,16.3393,15.4464,16.1607,573819
2015-03-22,16.4286,16.5179,16.0714,16.1607,429146
2015-03-23,16.3393,16.4286,15.8036,16.1607,1273305
2015-03-24,16.0714,16.6071,15.7143,15.9821,1280549
2015-03-25,15.625,15.8929,15.4464,15.5357,897095
2015-03-29,15.4464,15.9821,15.1786,15.3571,1420372
2015-03-30,15.3571,15.3571,15.0,15.1786,979655
2015-03-31,15.2679,15.5357,15.1786,15.4464,865259
2015-04-01,15.625,15.625,15.1786,15.3571,902307
2015-04-02,15.5357,15.5357,15.1786,15.2679,447857
2015-04-05,14.9107,15.4464,14.9107,15.1786,928604
2015-04-06,15.3571,15.4464,15.1786,15.2679,549255
2015-04-07,15.4464,15.4464,14.8214,15.0,1006911
2015-04-08,15.1786,15.8036,15.0893,15.5357,1586449
2015-04-09,15.4464,15.9821,15.3571,15.5357,1053038
2015-04-12,15.3571,15.625,15.2679,15.5357,797316
2015-04-13,15.625,16.3393,15.625,16.25,726124
2015-04-15,16.4286,17.3214,16.25,17.0536,3216941
2015-04-16,17.2321,17.9464,16.875,17.8571,4093441
2015-04-19,18.3036,19.0179,17.7679,18.4821,4149626
2015-04-20,18.5714,18.75,17.0536,17.2321,2912590
2015-04-21,17.1429,17.5,16.6964,17.2321,2704447
2015-04-22,17.5893,17.8571,17.0536,17.2321,2020769
2015-04-23,17.3214,17.3214,16.6071,16.6964,1146704
2015-04-26,16.6071,16.6964,15.7143,15.8036,963733
2015-04-27,16.0714,16.25,15.2679,15.5357,743126
2015-04-29,15.1786,15.5357,15.0893,15.2679,726437
2015-04-30,15.2679,15.625,14.8214,15.2679,828070
2015-05-04,15.2679,15.3571,14.9107,15.1786,588660
2015-05-05,15.4464,15.625,15.0,15.1786,987483
2015-05-06,15.2679,15.8929,15.2679,15.625,1142280
2015-05-07,15.8036,16.25,15.625,15.8929,994747
2015-05-10,16.0714,16.875,16.0714,16.5179,1630599
2015-05-11,16.7857,17.1429,16.0714,16.5179,1671620
2015-05-12,16.3393,16.6964,15.8036,16.0714,1025104
2015-05-13,16.3393,17.5,15.9821,17.0536,1769813
2015-05-14,17.4107,17.5,16.3393,16.4286,1478817
2015-05-17,16.25,16.5179,15.7143,15.9821,2007745
2015-05-18,15.8929,16.7857,15.8929,16.3393,884007
2015-05-19,16.4286,16.9643,16.25,16.3393,1203899
2015-05-20,16.7857,17.6786,16.3393,17.3214,2999059
2015-05-21,17.6786,17.7679,16.9643,17.1429,2805280
2015-05-24,16.4286,17.1429,16.4286,16.875,692274
2015-05-25,16.9643,17.2321,16.6071,16.9643,1553014
2015-05-26,16.9643,17.2321,16.4286,16.5179,1213597
2015-05-27,16.3393,16.6071,15.9821,16.0714,1201859
2015-05-28,16.3393,16.3393,15.2679,15.4464,1226958
2015-05-31,15.8036,16.1607,15.4464,15.5357,962619
2015-06-01,15.5357,16.0714,15.5357,15.7143,629369
2015-06-02,15.625,16.25,15.4464,15.5357,1047005
2015-06-04,15.625,15.8929,15.1786,15.2679,552338
2015-06-07,15.4464,15.5357,15.0893,15.1786,398209
2015-06-08,15.2679,15.3571,14.7321,14.8214,615100
2015-06-09,14.9107,15.0893,14.7321,14.8214,429596
2015-06-10,15.0,15.5357,14.7321,15.4464,1044129
2015-06-11,15.8929,15.9821,15.1786,15.2679,433306
2015-06-14,15.1786,15.4464,14.9107,15.0,446180
2015-06-15,15.1786,15.2679,14.9107,15.0,245577
2015-06-16,15.1786,15.3571,15.0,15.1786,852463
2015-06-17,15.4464,15.625,15.2679,15.5357,613748
2015-06-18,15.3571,15.8036,15.3571,15.5357,820323
2015-06-21,15.625,15.9821,15.4464,15.625,487070
2015-06-22,15.625,15.8036,15.3571,15.4464,290890
2015-06-23,15.4464,15.8036,15.2679,15.3571,497944
2015-06-24,15.625,15.625,15.1786,15.2679,353177
2015-06-25,15.0893,15.2679,15.0,15.0893,141958
2015-06-28,15.0893,15.2679,15.0,15.0893,237724
2015-06-29,15.0893,15.3571,15.0893,15.2679,467458
2015-06-30,15.3571,15.7143,15.3571,15.625,532806
2015-07-02,15.625,16.3393,15.5357,16.1607,1647560
2015-07-05,15.8929,16.3393,15.625,15.8036,991645
2015-07-06,15.8036,15.9821,15.4464,15.7143,554682
2015-07-07,15.7143,15.9821,15.625,15.7143,616224
2015-07-08,15.625,15.9821,15.625,15.8929,677122
2015-07-09,15.8929,16.0714,15.625,15.9821,649820
2015-07-12,15.9821,16.25,15.625,15.7143,563817
2015-07-13,15.8929,15.9821,15.5357,15.625,521795
2015-07-14,15.8036,15.8036,15.4464,15.5357,653248
2015-07-21,15.625,15.7143,15.4464,15.5357,287651
2015-07-22,15.4464,15.8036,15.4464,15.7143,689241
2015-07-23,15.8036,16.1607,15.625,15.7143,984393
2015-07-26,15.9821,16.25,15.8036,16.0714,1446751
2015-07-27,15.9821,16.7857,15.9821,16.5179,1683836
2015-07-28,16.5179,16.9643,16.5179,16.875,2893463
2015-07-29,16.6071,17.1429,16.6071,16.875,1550645
2015-07-30,16.7857,16.875,16.4286,16.5179,1392993
2015-08-02,16.6071,16.7857,16.5179,16.6071,1194245
2015-08-03,16.6964,17.6786,16.6964,17.4107,3951384
2015-08-04,17.7679,18.2143,17.4107,17.5893,4434683
2015-08-05,17.5893,17.7679,17.1429,17.3214,2391254
2015-08-06,17.6786,17.6786,16.9643,17.1429,1485611
2015-08-09,17.0536,17.1429,16.7857,16.875,1397103
2015-08-10,16.9643,17.0536,16.6964,16.7857,705955
2015-08-11,16.875,17.1429,16.6964,16.7857,893137
2015-08-12,16.875,17.7679,16.7857,17.6786,2958688
2015-08-13,17.6786,17.9464,17.0536,17.2321,2314508
2015-08-16,17.2321,17.4107,16.875,17.0536,1373680
2015-08-17,17.4107,17.8571,17.0536,17.5,2387164
2015-08-18,17.5893,17.5893,17.1429,17.4107,1049441
2015-08-19,17.6786,18.4821,17.5,18.125,6449014
2015-08-20,18.2143,18.5714,18.0357,18.2143,7870432
2015-08-23,18.3929,18.4821,17.5893,17.7679,3551019
2015-08-24,17.7679,17.8571,17.0536,17.2321,2415101
2015-08-25,17.3214,17.5,16.7857,17.0536,5146362
2015-08-26,17.2321,17.5,16.875,16.9643,2095808
2015-08-27,17.1429,17.2321,16.7857,16.875,1715846
2015-08-30,17.0536,17.0536,16.4286,16.5179,1509149
2015-08-31,16.6071,16.7857,16.4286,16.6071,872661
2015-09-01,16.5179,16.6071,15.9821,16.1607,1488478
2015-09-02,16.25,16.5179,16.1607,16.25,806659
2015-09-03,16.3393,16.4286,16.0714,16.25,1472749
2015-09-06,16.4286,16.875,16.4286,16.6964,1247462
2015-09-07,16.875,16.875,16.5179,16.6071,1619075
2015-09-08,16.6964,16.875,16.3393,16.5179,1743893
2015-09-09,16.6964,16.6964,16.25,16.3393,735112
2015-09-10,16.5179,16.6071,16.1607,16.25,868903
2015-09-13,16.3393,16.4286,15.9821,16.0714,793921
2015-09-14,16.25,16.3393,16.0714,16.25,626830
2015-09-15,16.4286,16.5179,15.9821,16.0714,1359925
2015-09-16,16.1607,16.25,15.7143,15.8929,3240450
2015-09-17,15.8929,15.8929,15.625,15.7143,2395700
2015-09-20,15.8036,15.8929,15.4464,15.625,1868522
2015-09-21,15.7143,15.7143,15.4464,15.625,1034570
2015-09-22,15.8036,15.9821,15.625,15.8929,881445
2015-09-28,16.0714,16.1607,15.7143,15.8036,993425
2015-09-29,15.8036,15.8036,15.4464,15.5357,1158738
2015-09-30,15.5357,15.5357,15.1786,15.2679,1677719
2015-10-01,15.4464,15.4464,15.0893,15.1786,1129469
2015-10-04,15.1786,15.3571,14.9107,15.0,566474
2015-10-05,15.0,15.1786,14.7321,15.0893,990377
2015-10-06,15.1786,15.1786,14.6429,14.7321,1211444
2015-10-07,14.8214,14.8214,14.2857,14.375,940625
2015-10-08,14.4643,14.5536,13.75,13.8393,1264336
2015-10-11,14.2857,14.2857,12.9464,13.0357,2921818
2015-10-12,13.3036,13.3929,12.4107,12.6786,1918401
2015-10-13,12.6786,13.75,12.6786,13.3036,5715694
2015-10-14,13.2143,13.3036,12.5893,12.7679,3008345
2015-10-15,12.6786,13.0357,12.5893,12.6786,1283593
2015-10-18,12.5893,12.6786,11.7857,11.9643,2190748
2015-10-19,12.1429,12.3214,11.6071,11.7857,2253693
2015-10-20,12.0536,12.8571,11.9643,12.6786,6067376
2015-10-21,12.8571,12.9464,12.3214,12.7679,3752252
2015-10-25,12.6786,13.6607,12.5,13.4821,7205180
2015-10-26,13.4821,13.75,13.2143,13.3929,6489218
2015-10-27,13.3929,13.3929,12.6786,12.8571,6452082
2015-10-28,13.125,13.3036,12.3214,12.4107,5141651
2015-10-29,12.4107,12.5893,12.0536,12.1429,4440846
2015-11-01,12.2321,12.2321,11.4286,11.5179,4979745
2015-11-02,11.6071,11.875,11.5179,11.7857,2623331
2015-11-03,11.7857,11.7857,11.5179,11.6071,2826004
2015-11-04,11.6071,12.0536,11.5179,11.9643,5775610
2015-11-05,11.9643,11.9643,11.5179,11.6071,2196223
2015-11-08,11.6071,11.6071,11.1607,11.25,2595842
2015-11-09,11.3393,11.4286,10.8929,10.9821,3142787
2015-11-10,11.0714,11.25,10.9821,10.9821,2768612
2015-11-11,11.0714,11.1607,10.8036,10.8929,2269495
2015-11-12,11.0714,11.1607,10.8929,11.0714,1868368
2015-11-15,10.9821,11.1607,10.7143,10.8036,2452728
2015-11-16,10.9821,11.1607,10.8036,11.0714,3096806
2015-11-17,11.0714,11.1607,10.9821,11.0714,3379708
2015-11-19,12.0,12.0,11.1,11.6,4966396
2015-11-22,11.8,12.5,11.8,12.4,4663706
2015-11-23,12.5,12.5,11.8,11.9,4061490
2015-11-24,12.0,12.1,11.4,11.6,2953677
2015-11-25,11.7,12.1,11.4,11.8,3520617
2015-11-26,12.0,12.4,11.5,11.9,3631124
2015-11-29,12.0,12.7,12.0,12.5,7885240
2015-11-30,12.5,12.8,12.1,12.2,4488766
2015-12-01,12.3,12.4,12.0,12.1,3057891
2015-12-02,12.2,12.2,11.7,11.8,3008733
2015-12-03,11.9,12.0,11.5,11.6,4129200
2015-12-06,11.6,11.9,11.5,11.7,2740370
2015-12-07,11.6,11.9,11.5,11.5,2390474
2015-12-08,11.6,11.8,11.4,11.5,1129070
2015-12-09,11.5,11.7,11.3,11.4,1531353
2015-12-10,11.4,11.6,11.2,11.3,1349875
2015-12-13,11.4,11.4,10.9,11.0,1549825
2015-12-14,11.0,11.0,10.8,10.8,942986
2015-12-15,10.9,11.0,10.5,10.6,904390
2015-12-17,10.5,10.8,10.5,10.5,473188
2015-12-20,10.6,10.6,10.1,10.2,1099125
2015-12-21,10.4,10.6,10.2,10.4,881765
2015-12-22,10.5,10.6,10.4,10.5,1178038
2015-12-23,10.5,10.5,10.2,10.2,1086985
2015-12-24,10.4,10.5,10.2,10.3,847066
2015-12-27,10.2,10.4,10.2,10.3,768268
2015-12-28,10.3,10.4,9.9,10.1,2494747
2015-12-29,10.1,10.3,10.0,10.0,1210101
2015-12-30,10.2,10.3,10.0,10.2,946712
2015-12-31,10.3,10.3,10.0,10.0,1257651
2016-01-03,10.1,10.2,9.9,10.0,768475
2016-01-04,10.0,10.1,9.7,9.8,2286850
2016-01-05,9.7,10.1,9.7,10.0,1451328
2016-01-06,10.0,10.7,10.0,10.5,3761976
2016-01-07,10.7,10.8,10.3,10.5,1902812
2016-01-10,10.5,10.7,10.3,10.6,2769426
2016-01-11,10.7,11.3,10.7,10.8,4385569
2016-01-12,10.8,11.2,10.7,11.1,3377822
2016-01-13,11.1,11.5,11.0,11.4,3947207
2016-01-14,11.5,11.5,11.0,11.1,3709242
2016-01-17,11.2,11.3,10.8,10.8,1555716
2016-01-18,10.9,11.4,10.7,11.3,2793747
2016-01-19,11.5,12.4,11.4,12.4,13232717
2016-01-20,12.4,12.8,12.0,12.4,7714534
2016-01-21,12.4,12.5,12.1,12.2,4179654
2016-01-24,12.3,13.2,12.1,12.8,8083737
2016-01-25,12.9,13.0,12.3,12.4,5420597
2016-01-26,12.4,12.5,11.6,11.7,4476942
2016-01-27,11.8,12.0,11.5,11.8,2464066
2016-01-28,11.5,11.9,11.4,11.6,2672632
2016-01-31,11.4,11.4,10.5,10.5,3256753
2016-02-01,10.5,10.7,10.2,10.4,2707701
2016-02-02,10.5,10.8,10.4,10.6,2897981
2016-02-03,10.5,10.6,10.2,10.3,2104152
2016-02-04,10.4,10.4,10.1,10.1,2076292
2016-02-07,10.1,10.2,10.0,10.0,1916818
2016-02-08,10.1,10.2,9.9,10.0,1129281
2016-02-09,10.0,10.7,10.0,10.5,1684125
2016-02-10,10.7,10.7,10.2,10.4,2175619
2016-02-11,10.4,10.5,10.2,10.3,1614990
2016-02-14,10.3,10.5,10.1,10.3,1662677
2016-02-15,10.3,10.3,10.1,10.2,1561418
2016-02-16,10.3,10.4,10.2,10.2,1319384
2016-02-17,10.3,10.5,10.2,10.3,1467512
2016-02-18,10.3,10.4,10.1,10.2,1160381
2016-02-22,10.2,10.4,10.0,10.1,1342729
2016-02-23,10.3,10.3,10.1,10.2,1081999
2016-02-24,10.2,10.6,10.0,10.3,4593003
2016-02-25,10.3,10.5,10.1,10.2,2588014
2016-02-28,10.1,10.3,9.9,10.0,4039815
2016-02-29,10.0,10.2,9.9,10.0,2758548
2016-03-01,10.0,10.1,9.9,10.0,1468611
2016-03-02,10.0,10.2,9.9,10.0,2191002
2016-03-03,10.0,10.1,9.8,9.9,1537252
2016-03-06,10.0,10.0,9.9,10.0,791529
2016-03-07,10.0,10.1,9.9,9.9,866473
2016-03-08,10.0,10.0,9.9,9.9,1107948
2016-03-09,10.0,10.1,9.9,10.1,748466
2016-03-10,10.0,10.2,10.0,10.1,1289021
2016-03-13,10.1,10.1,9.9,9.9,1072716
2016-03-14,10.0,10.1,9.9,10.0,1334767
2016-03-15,10.1,10.1,10.0,10.0,770010
2016-03-16,10.0,10.1,9.9,10.0,918703
2016-03-20,10.0,10.2,9.9,10.1,1215623
2016-03-21,10.2,10.5,10.1,10.3,4069810
2016-03-22,10.4,10.4,10.1,10.2,1099573
2016-03-23,10.2,10.2,9.9,10.0,1729447
2016-03-24,10.0,10.1,9.9,10.0,1109564
2016-03-27,10.0,10.1,9.8,9.9,1763324
2016-03-28,10.0,10.0,9.8,9.8,701061
2016-03-29,9.9,10.0,9.8,9.8,777132
2016-03-30,10.0,10.0,9.8,9.8,504809
2016-03-31,9.8,9.9,9.8,9.8,596069
2016-04-03,9.9,10.0,9.8,9.9,860782
2016-04-04,10.0,10.1,9.8,10.0,1795628
2016-04-05,10.0,10.0,9.8,9.9,985095
2016-04-06,9.9,10.0,9.8,9.8,794213
2016-04-07,9.8,10.0,9.8,9.8,873457
2016-04-10,9.9,10.1,9.7,9.9,2682450
2016-04-11,9.9,10.0,9.7,9.7,774822
2016-04-12,9.8,9.8,9.6,9.7,608372
2016-04-13,9.7,9.8,9.5,9.6,562562
2016-04-17,9.7,9.7,9.4,9.4,923704
2016-04-18,9.5,9.8,9.5,9.6,1944145
2016-04-19,9.6,9.7,9.5,9.6,1012102
2016-04-20,9.7,9.7,9.4,9.5,944976
2016-04-21,9.4,9.6,9.2,9.3,917889
2016-04-24,9.3,9.4,9.1,9.3,569690
2016-04-25,9.4,9.5,9.1,9.2,528150
2016-04-26,9.3,9.3,8.8,8.9,855745
2016-04-27,9.0,9.0,8.6,8.7,509997
2016-04-28,8.8,8.9,8.4,8.6,747287
2016-05-02,8.4,8.4,7.9,8.2,1155766
2016-05-03,8.6,8.8,8.3,8.7,1026912
2016-05-04,8.8,8.9,8.4,8.5,842059
2016-05-05,8.5,8.5,8.3,8.4,489410
2016-05-08,8.5,8.5,8.3,8.3,491424
2016-05-09,8.4,8.5,8.2,8.3,703012
2016-05-10,8.3,8.3,8.1,8.2,402997
2016-05-11,8.3,8.3,8.1,8.2,745032
2016-05-12,8.3,8.5,8.2,8.3,707502
2016-05-15,8.3,8.3,8.1,8.1,586499
2016-05-16,8.2,8.3,8.1,8.1,369638
2016-05-17,8.2,8.3,8.1,8.2,492708
2016-05-18,8.2,8.4,8.2,8.4,664452
2016-05-19,8.4,9.0,8.3,8.9,3086011
2016-05-22,9.0,9.2,8.8,9.0,1140879
2016-05-24,9.0,9.1,8.9,8.9,1354544
2016-05-25,9.0,9.4,8.9,9.2,2612120
2016-05-26,9.2,9.4,9.1,9.3,2043213
2016-05-29,9.3,9.4,9.1,9.2,2203433
2016-05-30,9.3,9.3,8.9,8.9,1459744
2016-05-31,8.9,9.1,8.8,8.9,940628
2016-06-01,8.9,9.1,8.8,9.0,1970022
2016-06-02,9.1,9.2,9.0,9.1,1286836
2016-06-05,9.2,9.2,8.8,8.9,880022
2016-06-06,8.8,8.9,8.7,8.9,497508
2016-06-07,8.9,8.9,8.6,8.7,700054
2016-06-08,8.7,8.9,8.7,8.7,599025
2016-06-09,8.8,8.9,8.6,8.6,712999
2016-06-12,8.7,8.8,8.6,8.6,281156
2016-06-13,8.6,8.7,8.3,8.4,979613
2016-06-14,8.5,8.5,8.3,8.4,745821
2016-06-15,8.4,8.5,8.4,8.5,241091
2016-06-16,8.5,8.6,8.4,8.4,526835
2016-06-19,8.4,8.5,8.3,8.4,297859
2016-06-20,8.4,8.4,8.2,8.3,371271
2016-06-21,8.3,8.7,8.3,8.5,1971428
2016-06-22,8.7,9.2,8.6,8.9,3293855
2016-06-23,8.9,8.9,8.6,8.8,897184
2016-06-26,8.8,8.8,8.5,8.6,964153
2016-06-27,8.7,8.8,8.6,8.7,540991
2016-06-28,8.6,8.8,8.6,8.7,597023
2016-06-29,8.8,8.8,8.6,8.7,261978
2016-06-30,8.8,8.8,8.6,8.7,600673
2016-07-10,8.6,8.6,8.4,8.5,532707
2016-07-11,8.5,8.6,8.4,8.5,386296
2016-07-12,8.6,8.7,8.5,8.5,744961
2016-07-13,8.6,8.6,8.3,8.4,2927883
2016-07-14,8.4,8.5,8.4,8.5,678122
2016-07-16,8.5,8.5,8.3,8.3,801894
2016-07-17,8.4,8.5,8.3,8.3,752728
2016-07-18,8.3,8.5,8.3,8.4,1182772
2016-07-19,8.4,8.4,8.3,8.4,782623
2016-07-20,8.4,8.4,8.3,8.4,419150
2016-07-21,8.4,8.4,8.2,8.2,646743
2016-07-24,8.3,8.4,8.2,8.3,381943
2016-07-25,8.3,8.3,8.1,8.2,906917
2016-07-26,8.2,8.2,8.0,8.0,2059251
2016-07-27,8.1,8.1,8.0,8.0,510089
2016-07-28,8.1,8.2,8.0,8.0,609954
2016-07-31,8.1,8.1,7.8,7.8,684281
2016-08-01,7.9,8.0,7.7,7.8,1033587
2016-08-02,7.8,8.0,7.8,7.9,869470
2016-08-03,8.0,8.1,8.0,8.0,799161
2016-08-04,8.1,8.2,7.9,7.9,1470101
2016-08-07,8.0,8.0,7.8,7.8,1384914
2016-08-08,7.9,8.0,7.8,7.9,962958
2016-08-09,8.0,8.0,7.8,7.8,755182
2016-08-10,7.8,7.9,7.8,7.8,417442
2016-08-11,7.8,8.0,7.8,8.0,885749
2016-08-14,8.0,8.1,7.9,8.0,837188
2016-08-16,8.0,8.1,7.9,8.0,652171
2016-08-17,8.0,8.0,7.8,7.8,491336
2016-08-18,7.9,8.0,7.8,7.9,542553
2016-08-21,7.9,8.0,7.8,7.8,654004
2016-08-22,7.9,7.9,7.8,7.8,362298
2016-08-23,7.8,7.9,7.8,7.8,679512
2016-08-24,7.8,7.9,7.7,7.8,537729
2016-08-28,7.8,7.9,7.7,7.7,581612
2016-08-29,7.8,8.0,7.7,7.9,1168375
2016-08-30,7.9,8.0,7.9,7.9,1099402
2016-08-31,7.9,7.9,7.7,7.8,866634
2016-09-01,7.9,8.2,7.8,8.0,2044191
2016-09-04,8.0,8.1,7.9,7.9,652003
2016-09-05,8.0,8.2,8.0,8.1,1180334
2016-09-06,8.2,8.2,8.0,8.0,608441
2016-09-07,8.0,8.1,8.0,8.0,551253
2016-09-08,8.0,8.1,8.0,8.0,1043953
2016-09-18,8.1,8.1,7.9,8.0,770306
2016-09-19,8.0,8.2,8.0,8.1,873251
2016-09-20,8.2,8.3,8.1,8.2,1068874
2016-09-21,8.2,8.3,8.1,8.2,943578
2016-09-22,8.2,8.3,8.1,8.2,1503384
2016-09-24,8.3,8.4,8.2,8.4,1414433
2016-09-25,8.4,8.9,8.4,8.7,4420467
2016-09-26,8.8,8.8,8.5,8.6,1300502
2016-09-27,8.6,8.7,8.3,8.4,1451081
2016-09-28,8.5,8.5,8.2,8.3,589168
2016-09-29,8.3,8.6,8.2,8.5,1512270
2016-10-02,8.5,9.0,8.4,8.7,4807358
2016-10-03,8.8,9.0,8.6,8.9,4475289
2016-10-04,8.9,9.5,8.9,9.3,6837930
2016-10-05,9.3,9.3,9.0,9.1,3219045
2016-10-06,9.2,9.4,9.0,9.3,2856757
2016-10-09,9.4,9.6,9.2,9.3,2642259
2016-10-10,9.3,9.4,9.0,9.1,2077454
2016-10-13,9.1,9.2,8.9,9.0,1407381
2016-10-16,9.0,9.2,8.9,9.1,1852871
2016-10-17,9.1,9.3,9.0,9.1,2069380
2016-10-18,9.2,9.3,9.0,9.1,2180500
2016-10-19,9.1,9.2,8.8,8.9,4655050
2016-10-20,9.0,9.1,8.7,8.8,3921611
2016-10-23,8.8,9.1,8.8,8.9,6426788
2016-10-24,9.0,9.0,8.4,8.4,7395473
2016-10-25,8.5,8.5,8.0,8.1,4321270
2016-10-26,8.1,8.1,7.6,7.7,6638134
2016-10-27,7.8,7.9,7.6,7.7,3606724
2016-10-30,7.6,7.7,7.3,7.3,2741660
2016-10-31,7.3,7.8,7.3,7.6,3866832
2016-11-01,7.7,8.0,7.6,7.9,3260480
2016-11-02,7.9,8.0,7.7,7.8,2651069
2016-11-03,7.9,8.0,7.7,7.8,3292955
2016-11-06,8.1,8.5,7.9,8.1,9630799
2016-11-07,8.2,8.2,7.8,7.9,3445815
2016-11-08,7.9,8.0,7.8,7.8,1744251
2016-11-09,7.8,7.9,7.7,7.8,1285976
2016-11-10,7.7,7.9,7.7,7.7,1206904
2016-11-13,7.7,7.8,7.7,7.7,385654
2016-11-14,7.8,7.8,7.6,7.6,1802768
2016-11-15,7.7,7.8,7.6,7.7,3005525
2016-11-16,7.7,8.0,7.7,8.0,1641302
2016-11-17,8.0,8.1,7.9,7.9,1537941
2016-11-20,8.0,8.0,7.8,7.9,1355775
2016-11-21,8.0,8.3,7.9,8.3,3018715
2016-11-22,8.3,8.5,8.2,8.4,5006270
2016-11-23,8.4,8.5,8.3,8.5,4412931
2016-11-24,8.5,8.8,8.5,8.7,10637877
2016-11-27,8.7,9.1,8.6,9.0,18084390
2016-11-28,8.0,8.2,7.7,8.1,7252330
2016-11-29,8.1,8.5,8.0,8.2,7324575
2016-11-30,8.2,8.2,7.9,8.0,3199196
2016-12-01,8.1,8.2,7.9,7.9,4380904
2016-12-04,8.0,8.1,7.9,8.0,2294623
2016-12-05,8.0,8.1,7.9,8.0,2640807
2016-12-06,8.0,8.2,7.9,8.0,3189895
2016-12-07,8.1,8.2,8.0,8.1,2939375
2016-12-08,8.2,8.9,8.2,8.8,16517776
2016-12-11,8.9,9.4,8.8,9.0,12147197
2016-12-12,8.9,9.3,8.6,9.1,8848807
2016-12-14,9.3,9.9,9.1,9.7,14099549
2016-12-15,9.9,9.9,9.3,9.4,10275002
2016-12-18,9.0,9.2,8.6,8.8,9927276
2016-12-19,8.8,9.4,8.8,9.0,8916140
2016-12-20,9.1,9.3,8.8,8.9,8000174
2016-12-21,9.0,9.1,8.7,8.8,8849901
2016-12-22,8.9,9.0,8.7,8.8,8722308
2016-12-26,8.8,9.6,8.8,9.6,16184781
2016-12-27,9.9,10.5,9.8,10.3,21612280
2016-12-28,10.5,10.8,10.1,10.6,14961007
2016-12-29,10.6,11.3,10.6,11.2,13682409
2017-01-01,11.3,11.3,10.8,10.9,13333951
2017-01-02,11.0,11.0,10.4,10.6,14357509
2017-01-03,10.6,10.7,10.2,10.4,10757432
2017-01-04,10.5,10.7,10.4,10.6,12331438
2017-01-05,10.7,11.0,10.7,10.8,9243607
2017-01-08,10.9,11.0,10.4,10.5,7445920
2017-01-09,10.6,10.7,10.3,10.5,6871696
2017-01-10,10.6,11.3,10.6,11.2,15785406
2017-01-11,11.3,11.8,11.1,11.5,19164124
2017-01-12,11.5,11.6,11.2,11.5,10801626
2017-01-15,11.5,11.8,11.5,11.7,14026612
2017-01-16,11.7,12.5,11.6,12.2,24664584
2017-01-17,12.3,12.5,12.1,12.2,14223207
2017-01-18,12.2,12.3,11.7,11.8,16755404
2017-01-19,11.8,12.0,11.5,11.7,8014652
2017-01-22,11.8,12.4,11.7,12.3,11902076
2017-01-23,12.4,13.1,12.4,12.6,16226258
2017-01-24,12.7,12.9,12.1,12.2,10942995
2017-01-25,12.3,12.7,12.0,12.1,10235750
2017-01-26,12.0,12.3,11.5,11.7,6960079
2017-01-29,11.8,11.9,11.0,11.1,4707962
2017-01-30,11.2,11.2,10.7,10.8,5012456
2017-01-31,10.8,11.0,10.1,10.9,4735992
2017-02-01,11.0,11.7,11.0,11.3,5414613
2017-02-02,11.3,11.4,10.8,10.9,3939786
2017-02-05,10.9,11.1,10.5,10.7,3609066
2017-02-06,10.9,11.1,10.8,10.9,3216978
2017-02-07,11.0,11.1,10.8,10.9,1842005
2017-02-08,11.0,11.5,11.0,11.4,3899781
2017-02-09,11.6,11.6,11.2,11.3,2702233
2017-02-12,11.4,11.5,11.2,11.3,3801404
2017-02-13,11.4,11.5,11.1,11.2,3067434
2017-02-14,11.4,11.7,11.3,11.6,7318024
2017-02-15,11.7,11.8,11.4,11.4,4248435
2017-02-16,11.5,11.7,11.4,11.6,7983955
2017-02-19,11.8,12.0,11.7,12.0,8867822
2017-02-20,12.0,12.2,11.6,11.7,5718629
2017-02-22,11.7,11.8,11.6,11.6,3520051
2017-02-23,11.7,11.7,11.5,11.6,4043796
2017-02-26,11.6,11.7,11.5,11.6,2614897
2017-02-27,11.6,11.7,11.4,11.5,3280807
2017-02-28,11.5,11.6,11.4,11.5,3024162
2017-03-01,11.6,11.8,11.5,11.7,8243245
2017-03-02,11.7,11.8,11.5,11.5,4317589
2017-03-05,11.6,11.6,11.3,11.4,2755270
2017-03-06,11.4,11.6,11.4,11.5,5170853
2017-03-07,11.6,11.7,11.2,11.4,5917317
2017-03-08,11.6,11.6,11.3,11.4,2829964
2017-03-09,11.6,11.6,11.3,11.4,2845532
2017-03-12,11.5,11.5,11.3,11.4,6458131
2017-03-13,11.5,12.0,11.5,11.8,14413277
2017-03-14,11.8,11.9,11.6,11.7,3184143
2017-03-15,11.7,11.7,11.5,11.5,4452701
2017-03-16,11.6,11.7,11.4,11.7,5892673
2017-03-19,11.8,11.9,11.6,11.7,6201639
2017-03-20,11.7,11.8,11.6,11.7,3558571
2017-03-21,11.7,11.8,11.5,11.6,3888646
2017-03-22,11.7,12.0,11.6,11.9,10921980
2017-03-23,12.0,12.4,11.9,12.3,23772956
2017-03-27,12.3,12.3,12.0,12.1,7063603
2017-03-28,12.2,12.2,11.8,11.8,5759461
2017-03-29,11.9,12.0,11.7,11.8,4396133
2017-03-30,11.8,11.9,11.6,11.7,2791098
2017-04-02,11.7,11.8,11.4,11.5,3508360
2017-04-03,11.4,11.7,11.4,11.5,3664360
2017-04-04,11.6,11.7,11.4,11.5,3363685
2017-04-05,11.6,11.7,11.4,11.4,4440285
2017-04-06,11.5,11.6,11.3,11.4,3109922
2017-04-09,11.4,11.5,11.1,11.2,2969308
2017-04-10,11.2,11.5,11.1,11.4,2432978
2017-04-11,11.5,11.8,11.4,11.6,5641107
2017-04-12,11.6,12.0,11.6,11.7,6270263
2017-04-13,11.7,11.8,11.5,11.6,2710777
2017-04-16,11.7,11.8,11.5,11.5,5091086
2017-04-17,11.5,11.6,11.3,11.3,2707982
2017-04-18,11.4,11.5,11.1,11.2,4064127
2017-04-19,11.2,11.3,11.0,11.1,2626171
2017-04-20,11.2,11.4,11.1,11.1,2585658
2017-04-23,11.3,11.3,10.9,11.0,1717011
2017-04-24,11.0,11.1,10.8,10.9,2406865
2017-04-25,11.0,11.1,10.9,11.0,1142644
2017-04-26,11.0,11.1,10.9,11.0,1651904
2017-04-27,11.0,11.2,10.9,11.0,1848983
2017-04-30,10.8,10.8,10.2,10.4,3315454
2017-05-02,10.3,10.5,10.2,10.3,1874711
2017-05-03,10.3,10.7,10.3,10.6,3031456
2017-05-04,10.5,10.7,10.4,10.5,1371447
2017-05-07,10.5,10.7,10.4,10.5,1821680
2017-05-08,10.6,10.6,10.5,10.5,1244391
2017-05-09,10.5,10.6,10.4,10.4,1335629
2017-05-11,10.4,10.5,10.3,10.3,995161
2017-05-14,10.4,10.4,10.1,10.1,1837984
2017-05-15,10.2,10.2,10.0,10.0,1048733
2017-05-16,10.1,10.2,9.8,9.9,3157345
2017-05-17,10.0,10.1,9.8,9.8,2396088
2017-05-18,9.8,9.8,9.5,9.6,2132755
2017-05-21,9.5,9.5,9.1,9.3,1485943
2017-05-22,9.4,9.6,9.3,9.5,1290452
2017-05-23,9.7,9.7,9.5,9.5,1087597
2017-05-24,9.6,9.7,9.5,9.5,926339
2017-05-25,9.6,9.6,9.4,9.4,1501077
2017-05-28,9.4,9.5,9.3,9.4,479432
2017-05-29,9.3,9.3,9.0,9.2,2053372
2017-05-30,9.1,9.3,9.0,9.2,1774013
2017-05-31,9.2,9.3,9.0,9.2,2965453
2017-06-01,9.1,9.2,9.1,9.1,994698
2017-06-04,9.2,9.3,9.1,9.2,913370
2017-06-05,9.2,9.3,9.2,9.3,1051500
2017-06-06,9.3,9.4,9.3,9.4,718944
2017-06-07,9.4,9.5,9.1,9.2,1413018
2017-06-08,9.2,9.2,8.8,8.9,4269752
2017-06-11,8.9,8.9,8.7,8.8,1437469
2017-06-12,8.8,8.9,8.7,8.9,840769
2017-06-13,8.9,9.0,8.8,8.8,751504
2017-06-14,8.9,8.9,8.7,8.9,1137577
2017-06-15,8.9,8.9,8.8,8.9,1004675
2017-06-18,8.9,8.9,8.7,8.8,805025
2017-06-19,8.8,8.9,8.7,8.8,747806
2017-06-20,8.9,9.5,8.9,9.4,4451135
2017-06-21,9.4,9.7,9.4,9.6,4182816
2017-06-22,9.6,9.6,9.4,9.5,2375734
2017-06-28,9.5,10.0,9.4,9.8,2334542
2017-06-29,9.9,10.7,9.9,10.6,9752724
2017-07-02,10.7,10.7,10.3,10.6,3698400
2017-07-03,10.4,10.8,10.4,10.7,5734378
2017-07-04,10.7,11.4,10.7,11.3,9463207
2017-07-05,11.3,11.3,10.9,11.1,5220165
2017-07-06,11.2,11.7,11.0,11.5,11781956
2017-07-09,11.6,12.5,11.6,12.3,23832340
2017-07-10,12.3,12.4,11.9,12.1,13812319
2017-07-11,12.1,12.2,11.7,11.8,11432655
2017-07-12,11.8,12.2,11.6,11.9,10555004
2017-07-13,11.9,12.2,11.9,12.1,8899391
2017-07-16,12.2,12.4,12.0,12.1,9887250
2017-07-17,12.2,12.2,11.7,11.8,6909009
2017-07-18,11.9,11.9,11.5,11.6,4691133
2017-07-19,11.6,11.7,11.2,11.3,6078359
2017-07-20,11.5,11.7,11.2,11.5,2772859
2017-07-23,11.6,11.7,11.4,11.4,2331368
2017-07-24,11.5,11.9,11.3,11.8,3928364
2017-07-25,11.8,12.0,11.7,11.9,5845517
2017-07-26,12.2,12.2,11.8,12.0,6254468
2017-07-27,12.0,12.1,11.8,11.9,3729698
2017-07-30,11.9,11.9,11.6,11.7,1978123
2017-07-31,11.7,11.8,11.6,11.7,2678687
2017-08-01,11.8,12.8,11.8,12.6,36924008
2017-08-02,12.7,13.2,12.5,13.1,30004024
2017-08-03,13.1,13.7,13.0,13.1,26627666
2017-08-06,13.1,13.4,12.8,13.1,18710252
2017-08-07,13.2,13.5,12.8,12.9,17870098
2017-08-08,12.9,14.0,12.8,13.8,32734528
2017-08-09,13.9,14.3,13.7,14.0,25355384
2017-08-10,14.1,14.4,13.8,14.0,42894464
2017-08-13,14.0,14.2,13.6,13.7,11772418
2017-08-16,13.7,14.2,13.6,13.7,14261548
2017-08-17,13.7,14.1,12.9,13.1,14872079
2017-08-20,13.1,13.5,12.6,12.7,10770337
2017-08-21,12.7,13.3,12.6,13.2,11106687
2017-08-22,13.4,13.5,12.7,12.8,11461217
2017-08-23,12.9,13.1,12.6,12.7,6450011
2017-08-24,12.8,13.5,12.8,13.4,12877019
2017-08-27,13.4,13.7,13.3,13.4,8788439
2017-08-28,13.5,13.5,13.0,13.2,7798016
2017-08-29,13.1,13.5,13.0,13.1,6447380
2017-08-30,13.2,13.3,12.9,13.0,5499388
2017-08-31,13.0,13.3,12.9,13.2,4294556
2017-09-04,13.3,13.9,13.1,13.8,10357931
2017-09-05,13.9,14.2,13.8,14.0,13340377
2017-09-06,14.1,14.2,13.3,13.4,11281545
2017-09-07,13.5,13.7,13.0,13.1,16035634
2017-09-10,13.2,13.5,12.9,13.2,7986974
2017-09-11,13.2,13.4,13.1,13.1,4861078
2017-09-12,13.2,13.2,13.0,13.1,4399452
2017-09-13,13.1,13.2,12.8,12.9,8102829
2017-09-14,13.0,13.4,12.8,13.2,6159092
2017-09-17,13.3,13.4,13.0,13.0,6080142
2017-09-18,13.1,13.4,12.9,13.1,7620049
2017-09-19,13.2,13.2,12.8,12.8,7614708
2017-09-20,12.9,13.0,12.6,12.7,6724066
2017-09-21,12.9,13.1,12.6,12.7,5132024
2017-09-24,12.7,12.9,12.4,12.4,5365878
2017-09-25,12.4,12.7,12.4,12.5,3205064
2017-09-26,12.5,12.6,12.2,12.2,2708907
2017-09-27,12.3,12.3,11.6,11.7,4014713
2017-09-28,11.7,11.8,11.4,11.5,3266449
2017-10-02,11.3,11.5,10.8,10.9,6861914
2017-10-03,11.0,11.9,10.7,11.6,9671070
2017-10-04,11.7,11.7,11.0,11.1,9138037
2017-10-05,11.1,11.3,10.9,11.0,9746497
2017-10-08,11.7,11.7,11.0,11.2,5274603
2017-10-09,11.2,11.6,11.2,11.4,11227490
2017-10-10,11.5,11.5,11.0,11.1,4018390
2017-10-11,11.1,11.2,10.8,10.9,4907474
2017-10-12,10.9,11.0,10.6,10.7,3036574
2017-10-15,10.8,10.9,10.1,10.2,3801309
2017-10-16,10.3,10.3,10.0,10.1,2056987
2017-10-17,10.2,11.0,10.1,10.9,3428063
2017-10-18,11.0,11.1,10.5,10.6,3578759
2017-10-19,10.6,10.6,10.2,10.3,2624506
2017-10-22,10.3,10.5,10.1,10.2,2865664
2017-10-23,10.2,10.3,10.1,10.2,2073136
2017-10-24,10.2,10.3,10.0,10.1,2266155
2017-10-25,10.1,10.6,10.0,10.3,3066682
2017-10-26,10.3,10.4,10.0,10.1,3222064
2017-10-29,10.1,10.2,9.9,9.9,3706148
2017-10-30,10.0,10.0,9.8,9.8,2052695
2017-10-31,9.8,10.1,9.8,10.0,2344871
2017-11-01,10.0,10.2,9.9,10.0,4376217
2017-11-02,10.0,10.5,10.0,10.4,7054315
2017-11-05,9.5,9.8,9.4,9.4,928569
2017-11-06,8.6,9.2,8.5,9.1,4057048
2017-11-07,9.2,9.2,8.9,9.0,1377724
2017-11-08,9.0,9.0,8.7,8.8,852039
2017-11-09,8.9,8.9,8.5,8.6,1216494
2017-11-12,8.7,8.7,8.3,8.3,1518309
2017-11-13,8.3,8.4,8.1,8.2,1093798
2017-11-14,8.2,8.3,7.9,8.1,1271154
2017-11-15,8.1,8.9,8.0,8.8,1086071
2017-11-16,8.9,8.9,8.5,8.5,466868
2017-11-19,8.5,8.5,8.2,8.4,451107
2017-11-20,8.4,8.6,8.3,8.5,627391
2017-11-21,8.5,8.8,8.4,8.7,1094276
2017-11-22,8.8,8.9,8.6,8.7,739763
2017-11-23,8.8,8.9,8.7,8.7,431436
2017-11-26,8.7,8.8,8.6,8.7,705606
2017-11-27,8.7,8.7,8.5,8.5,720315
2017-11-28,8.6,8.7,8.5,8.5,744150
2017-11-29,8.5,8.6,8.4,8.5,762645
2017-11-30,8.6,8.6,8.3,8.4,727466
2017-12-03,8.5,8.5,8.3,8.4,375060
2017-12-04,8.5,8.6,8.4,8.4,457835
2017-12-05,8.5,8.5,8.3,8.4,811847
2017-12-06,8.4,8.4,8.3,8.3,333782
2017-12-07,8.3,8.4,8.2,8.4,496713
2017-12-10,8.4,8.4,8.2,8.2,694392
2017-12-11,8.3,8.4,8.2,8.3,379308
2017-12-12,8.3,8.4,8.2,8.3,362319
2017-12-13,8.3,8.4,8.2,8.3,295407
2017-12-14,8.4,8.4,8.3,8.4,233762
2017-12-17,8.4,9.0,8.4,8.8,2013155
2017-12-18,8.9,9.1,8.7,8.8,1114289
2017-12-19,8.8,8.8,8.5,8.6,559847
2017-12-20,8.5,8.7,8.4,8.5,334366
2017-12-21,8.6,8.7,8.5,8.6,332041
2017-12-24,8.6,8.6,8.5,8.5,198919
2017-12-26,8.5,8.6,8.3,8.4,346923
2017-12-27,8.5,8.6,8.5,8.5,347214
2017-12-28,8.4,8.7,8.4,8.7,509535
2018-01-01,8.7,8.8,8.5,8.6,362580
2018-01-02,8.5,8.5,8.4,8.5,74585
2018-01-03,8.6,8.6,8.5,8.6,434471
2018-01-04,8.6,8.8,8.5,8.7,538447
2018-01-07,8.7,8.8,8.6,8.7,464528
2018-01-08,8.7,8.8,8.6,8.7,497063
2018-01-09,8.7,8.8,8.7,8.7,251564
2018-01-10,8.7,8.8,8.6,8.7,541537
2018-01-11,8.7,8.8,8.6,8.7,249765
2018-01-14,8.6,8.7,8.6,8.6,296387
2018-01-15,8.6,8.7,8.4,8.5,563713
2018-01-16,8.5,8.6,8.4,8.5,337576
2018-01-17,8.5,8.6,8.4,8.4,174915
2018-01-18,8.5,8.6,8.4,8.5,349998
2018-01-21,8.5,8.7,8.5,8.7,336894
2018-01-22,8.7,8.7,8.6,8.6,258428
2018-01-23,8.7,8.7,8.4,8.5,447998
2018-01-24,8.5,8.6,8.4,8.5,261934
2018-01-25,8.5,8.6,8.4,8.5,290808
2018-01-28,8.5,8.6,8.3,8.4,307892
2018-01-29,8.4,8.5,8.3,8.4,156950
2018-01-30,8.4,8.5,8.3,8.4,297050
2018-01-31,8.3,8.4,8.2,8.2,383386
2018-02-01,8.3,8.4,8.1,8.2,576068
2018-02-04,8.2,8.2,7.9,8.0,710629
2018-02-05,8.2,8.2,7.7,7.9,553018
2018-02-06,8.0,8.2,7.9,8.1,275087
2018-02-07,8.1,8.1,7.9,8.0,321443
2018-02-08,8.1,8.1,8.0,8.0,132055
2018-02-11,8.3,8.3,8.1,8.3,193369
2018-02-12,8.3,8.6,8.3,8.4,475951
2018-02-13,8.4,8.7,8.4,8.7,1092437
2018-02-14,8.7,9.0,8.7,8.9,1378833
2018-02-15,9.0,9.0,8.7,8.7,821496
2018-02-18,8.7,8.8,8.4,8.5,548535
2018-02-19,8.5,8.7,8.5,8.6,312381
2018-02-20,8.7,8.8,8.4,8.5,298224
2018-02-22,8.5,8.6,8.4,8.4,186103
2018-02-25,8.4,8.5,8.2,8.3,139097
2018-02-26,8.3,8.3,8.1,8.2,220598
2018-02-27,8.2,8.4,8.1,8.4,244553
2018-02-28,8.3,8.4,8.2,8.2,141286
2018-03-01,8.3,8.3,8.2,8.2,399373
2018-03-04,8.3,8.4,8.2,8.2,255480
2018-03-05,8.2,8.3,8.1,8.1,257710
2018-03-06,8.1,8.1,7.6,7.7,3289421
2018-03-07,7.9,8.1,7.9,8.0,351771
2018-03-08,8.1,8.1,7.8,7.9,292566
2018-03-11,8.0,8.0,7.9,7.9,246167
2018-03-12,7.9,7.9,7.8,7.9,254669
2018-03-13,7.9,7.9,7.7,7.8,248137
2018-03-14,7.9,7.9,7.8,7.9,146510
2018-03-15,7.9,8.0,7.7,7.9,490041
2018-03-18,7.9,7.9,7.8,7.8,128480
2018-03-19,7.9,7.9,7.7,7.8,67723
2018-03-20,7.7,7.9,7.6,7.8,430731
2018-03-21,7.8,7.9,7.7,7.7,238810
2018-03-22,7.7,7.8,7.6,7.8,227635
2018-03-25,7.8,7.9,7.7,7.8,66119
2018-03-27,7.8,7.8,7.5,7.6,304985
2018-03-28,7.7,7.7,7.5,7.6,389950
2018-03-29,7.6,7.7,7.5,7.5,340116
2018-04-01,7.6,7.8,7.6,7.8,237984
2018-04-02,7.8,7.8,7.6,7.7,362758
2018-04-03,7.8,7.9,7.6,7.7,483067
2018-04-04,7.6,7.8,7.5,7.6,338874
2018-04-05,7.6,7.7,7.6,7.6,413692
2018-04-08,7.6,7.9,7.6,7.9,716556
2018-04-09,7.9,8.0,7.7,7.8,422927
2018-04-10,7.8,8.4,7.8,8.1,1932264
2018-04-11,8.0,8.2,7.8,7.8,445126
2018-04-12,7.8,8.0,7.7,7.8,264858
2018-04-15,8.0,8.0,7.8,7.9,209077
2018-04-16,7.9,7.9,7.7,7.9,140987
2018-04-17,7.8,7.9,7.7,7.8,178286
2018-04-18,7.8,7.9,7.7,7.8,62662
2018-04-19,7.8,7.8,7.6,7.7,355022
2018-04-22,7.7,7.8,7.6,7.6,584828
2018-04-23,7.7,7.7,7.6,7.6,473122
2018-04-24,7.7,7.7,7.5,7.6,190566
2018-04-25,7.6,7.7,7.5,7.6,157028
2018-04-26,7.6,7.8,7.6,7.7,333267
2018-04-30,7.7,7.7,7.5,7.6,160587
2018-05-03,7.6,7.9,7.5,7.6,278709
2018-05-06,7.6,7.7,7.5,7.7,380772
2018-05-07,7.8,7.8,7.5,7.7,272359
2018-05-08,7.6,7.7,7.5,7.6,230897
2018-05-09,7.5,7.6,7.5,7.5,322407
2018-05-10,7.6,7.6,7.1,7.3,628553
2018-05-13,7.3,7.4,7.1,7.2,460524
2018-05-14,7.2,7.3,7.1,7.1,374030
2018-05-15,7.1,7.2,6.9,7.0,342228
2018-05-16,7.0,7.0,6.7,6.8,614874
2018-05-17,6.8,6.8,6.5,6.5,565777
2018-05-20,6.6,6.6,6.5,6.5,288056
2018-05-21,6.5,6.6,6.2,6.3,708105
2018-05-22,6.4,6.7,6.4,6.5,393401
2018-05-23,6.5,6.6,6.4,6.5,137411
2018-05-24,6.5,6.9,6.5,6.7,487095
2018-05-27,6.8,6.8,6.6,6.6,84013
2018-05-28,6.7,6.7,6.5,6.6,98052
2018-05-29,6.5,6.5,6.3,6.4,299997
2018-05-30,6.5,6.7,6.5,6.6,157204
2018-05-31,6.5,6.6,6.4,6.5,147786
2018-06-03,6.4,6.6,6.4,6.4,271432
2018-06-04,6.5,6.5,6.4,6.4,58485
2018-06-05,6.4,6.5,6.3,6.3,282342
2018-06-06,6.3,6.3,6.2,6.2,192867
2018-06-07,6.3,6.3,6.1,6.2,292833
2018-06-10,6.1,6.2,6.0,6.1,472082
2018-06-11,6.1,6.1,5.7,5.8,1124663
2018-06-12,5.9,6.2,5.9,6.1,405979
2018-06-18,6.2,6.2,5.9,6.0,171895
2018-06-19,6.0,6.1,5.9,5.9,104331
2018-06-20,6.0,6.1,5.9,6.1,194425
2018-06-21,6.2,6.2,5.9,5.9,417414
2018-06-24,6.1,6.1,5.9,6.0,562280
2018-06-25,6.0,6.1,5.4,5.5,4174067
2018-06-26,5.6,5.8,5.4,5.5,1148883
2018-06-27,5.6,5.6,5.4,5.5,1076815
2018-06-28,5.6,5.6,5.0,5.0,2796300
2018-07-02,5.1,5.5,5.0,5.5,586813
2018-07-03,5.7,6.0,5.7,6.0,788047
2018-07-04,6.2,6.6,6.0,6.2,1090274
2018-07-05,6.2,6.3,5.9,6.0,819099
2018-07-08,6.0,6.2,5.9,6.0,394120
2018-07-09,6.0,6.1,5.9,6.0,300900
2018-07-10,6.0,6.5,6.0,6.2,1434731
2018-07-11,6.3,6.4,6.1,6.1,602603
2018-07-12,6.1,6.1,5.9,5.9,864460
2018-07-15,5.8,6.0,5.6,5.7,481514
2018-07-16,5.7,5.8,5.6,5.7,199593
2018-07-17,5.7,5.8,5.6,5.7,230966
2018-07-18,5.7,6.0,5.6,5.9,455313
2018-07-19,5.7,6.0,5.4,5.4,1849205
2018-07-22,5.4,5.5,4.9,5.4,2055041
2018-07-23,5.3,5.6,5.1,5.1,840644
2018-07-24,5.3,5.3,5.1,5.2,254794
2018-07-25,5.3,5.3,5.0,5.1,562061
2018-07-26,5.2,5.3,5.1,5.1,414336
2018-07-29,5.3,5.3,5.1,5.2,348426
2018-07-30,5.1,5.3,5.1,5.3,425965
2018-07-31,5.3,5.3,5.1,5.2,469274
2018-08-01,5.2,5.3,5.1,5.1,490721
2018-08-02,5.1,5.3,5.1,5.2,319135
2018-08-05,5.2,5.3,5.1,5.2,277406
2018-08-06,5.2,5.4,5.2,5.2,516800
2018-08-07,5.3,5.4,5.1,5.1,425973
2018-08-08,5.2,5.3,5.1,5.1,305012
2018-08-09,5.2,5.2,5.0,5.0,723910
2018-08-12,5.1,5.1,4.9,5.0,479166
2018-08-13,5.0,5.1,4.8,4.9,923481
2018-08-14,5.0,5.0,4.9,4.9,316812
2018-08-16,5.0,5.0,4.8,4.9,363079
2018-08-19,4.9,5.0,4.8,4.9,368447
2018-08-20,4.9,5.0,4.8,5.0,176999
2018-08-26,5.0,5.0,4.9,4.9,122844
2018-08-27,5.0,5.0,4.9,5.0,107650
2018-08-28,5.0,5.0,4.9,4.9,251831
2018-08-29,4.9,5.0,4.9,4.9,484399
2018-08-30,4.9,5.0,4.8,5.0,547295
2018-09-03,5.0,5.0,4.9,4.9,598024
2018-09-04,5.0,5.1,4.9,4.9,260499
2018-09-05,5.0,5.0,4.8,4.8,542996
2018-09-06,4.8,4.9,4.7,4.8,740641
2018-09-09,4.8,4.8,4.6,4.6,479046
2018-09-10,4.7,4.7,4.4,4.4,626026
2018-09-11,4.5,4.5,4.4,4.5,606995
2018-09-12,4.5,4.5,4.4,4.5,171061
2018-09-13,4.4,4.5,4.3,4.4,629576
2018-09-16,4.4,4.5,4.1,4.2,662599
2018-09-17,4.3,4.6,4.3,4.6,742485
2018-09-18,4.8,5.0,4.8,5.0,809864
2018-09-19,5.4,5.5,4.9,4.9,1242470
2018-09-20,4.9,5.0,4.7,4.8,190595
2018-09-23,4.7,4.9,4.5,4.6,241035
2018-09-24,4.6,4.6,4.3,4.5,320054
2018-09-25,4.4,4.5,4.3,4.4,214532
2018-09-26,4.4,4.6,4.4,4.5,167097
2018-09-27,4.5,4.6,4.3,4.4,292554
2018-09-30,4.4,4.4,4.2,4.4,539878
2018-10-01,4.4,4.5,4.3,4.4,168110
2018-10-02,4.5,4.6,4.3,4.6,222243
2018-10-03,4.6,4.7,4.4,4.6,437094
2018-10-04,4.6,4.7,4.5,4.6,157069
2018-10-07,4.7,4.7,4.5,4.6,400795
2018-10-08,4.6,4.7,4.6,4.6,217494
2018-10-09,4.6,4.7,4.6,4.6,443814
2018-10-10,4.7,4.7,4.6,4.6,294893
2018-10-11,4.6,4.7,4.5,4.6,142410
2018-10-14,4.6,4.7,4.6,4.6,140269
2018-10-15,4.7,4.7,4.5,4.5,143739
2018-10-16,4.5,4.6,4.4,4.5,160036
2018-10-17,4.6,4.6,4.5,4.6,156795
2018-10-18,4.6,4.6,4.5,4.5,84605
2018-10-21,4.5,4.6,4.4,4.5,105178
2018-10-22,4.5,4.5,4.4,4.4,80112
2018-10-23,4.5,4.6,4.4,4.5,245858
2018-10-24,4.4,4.4,4.2,4.2,509362
2018-10-25,4.2,4.4,4.2,4.3,90221
2018-10-28,4.3,4.3,4.2,4.3,69464
2018-10-29,4.3,4.3,4.2,4.2,205285
2018-10-30,4.3,4.4,4.2,4.3,216197
2018-10-31,4.3,4.4,4.3,4.3,90507
2018-11-01,4.2,4.4,4.2,4.3,160776
2018-11-04,4.3,4.3,4.2,4.3,266539
2018-11-05,4.3,4.3,4.2,4.3,267864
2018-11-06,4.3,4.3,4.2,4.3,166818
2018-11-07,4.3,4.3,4.1,4.2,389181
2018-11-08,4.2,4.2,4.1,4.1,282004
2018-11-11,4.2,4.2,4.1,4.1,112530
2018-11-12,4.1,4.2,4.0,4.1,248336
2018-11-13,4.1,4.1,3.9,3.9,581190
2018-11-14,3.9,4.0,3.7,3.8,561392
2018-11-15,3.8,3.9,3.8,3.8,199900
2018-11-18,3.8,3.9,3.7,3.7,439616
2018-11-19,3.7,3.8,3.5,3.6,574516
2018-11-20,3.6,3.7,3.5,3.6,454541
2018-11-22,3.6,3.7,3.5,3.6,548148
2018-11-25,3.6,3.7,3.5,3.6,399125
2018-11-26,3.6,3.6,3.4,3.4,387910
2018-11-27,3.4,3.6,3.4,3.4,526761
2018-11-28,3.4,3.5,3.4,3.4,282436
2018-11-29,3.5,3.5,3.4,3.4,248814
2018-12-02,3.4,3.6,3.4,3.6,617636
2018-12-03,3.6,3.7,3.6,3.6,152411
2018-12-04,3.7,3.9,3.7,3.9,700216
2018-12-05,4.1,4.2,4.1,4.2,1215772
2018-12-06,4.5,4.6,4.2,4.3,1218876
2018-12-09,4.3,4.5,4.0,4.0,447619
2018-12-10,4.0,4.0,3.9,4.0,94689
2018-12-11,4.0,4.0,3.6,3.8,364778
2018-12-12,3.9,3.9,3.6,3.7,608673
2018-12-13,3.8,4.0,3.8,4.0,704434
2018-12-17,4.2,4.2,3.8,4.0,158367
2018-12-18,4.0,4.1,3.9,4.0,110828
2018-12-19,4.0,4.0,3.9,4.0,94553
2018-12-20,4.0,4.1,3.9,3.9,194685
2018-12-23,3.9,4.1,3.9,4.0,238964
2018-12-24,4.1,4.2,4.0,4.1,260233
2018-12-26,4.0,4.2,4.0,4.1,252395
2018-12-27,4.1,4.2,4.0,4.1,289473
2019-01-01,4.2,4.3,4.0,4.3,517870
2019-01-02,4.3,4.7,4.3,4.7,1489863
2019-01-03,4.8,5.1,4.8,5.1,2351797
2019-01-06,5.3,5.6,5.3,5.4,2858392
2019-01-07,5.7,5.8,5.3,5.3,1410144
2019-01-08,5.4,5.7,5.3,5.5,1737425
2019-01-09,5.5,5.7,5.4,5.4,1090123
2019-01-10,5.4,5.5,5.2,5.4,883663
2019-01-13,5.4,5.5,5.3,5.4,515479
2019-01-14,5.4,5.5,5.2,5.3,482516
2019-01-15,5.3,5.3,4.9,5.0,792799
2019-01-16,5.0,5.0,4.7,4.9,507391
2019-01-17,4.5,5.0,4.5,4.8,955941
2019-01-20,4.8,4.8,4.5,4.7,642601
2019-01-21,4.7,4.8,4.5,4.6,679455
2019-01-22,4.6,4.8,4.5,4.8,429818
2019-01-23,4.8,4.8,4.6,4.7,287847
2019-01-24,4.8,4.9,4.7,4.7,539020
2019-01-27,4.7,4.9,4.7,4.8,402411
2019-01-28,4.8,4.9,4.7,4.8,405854
2019-01-29,4.8,4.8,4.6,4.7,424097
2019-01-30,4.6,4.7,4.6,4.7,174936
2019-01-31,4.6,4.7,4.5,4.6,234015
2019-02-03,4.6,4.6,4.4,4.4,430669
2019-02-04,4.3,4.5,4.3,4.4,207296
2019-02-05,4.4,4.5,4.3,4.4,413644
2019-02-06,4.5,4.5,4.3,4.3,240405
2019-02-07,4.3,4.4,4.1,4.1,772318
2019-02-10,4.1,4.2,4.0,4.1,356993
2019-02-11,4.1,4.3,4.1,4.3,174160
2019-02-12,4.4,4.5,4.3,4.4,216566
2019-02-13,4.4,4.4,4.0,4.2,358538
2019-02-14,4.2,4.3,4.0,4.2,244072
2019-02-17,4.4,4.4,4.2,4.2,194336
2019-02-18,4.2,4.3,4.0,4.1,431338
2019-02-19,4.0,4.2,4.0,4.1,315694
2019-02-20,4.1,4.2,4.0,4.1,617347
2019-02-24,4.1,4.1,4.0,4.0,193224
2019-02-25,4.0,4.1,3.8,3.9,476829
2019-02-26,3.9,4.0,3.7,3.8,483129
2019-02-27,3.8,3.9,3.7,3.8,525743
2019-03-03,3.9,3.9,3.8,3.9,131292
2019-03-04,4.0,4.0,3.7,3.7,442469
2019-03-05,3.6,3.7,3.4,3.6,1653356
2019-03-06,3.5,3.7,3.5,3.6,304405
2019-03-07,3.6,3.7,3.5,3.6,203605
2019-03-10,3.7,3.7,3.5,3.6,174892
2019-03-11,3.6,3.7,3.5,3.5,308308
2019-03-12,3.6,3.6,3.5,3.6,172704
2019-03-13,3.6,3.6,3.3,3.4,715493
2019-03-14,3.4,3.5,3.3,3.4,698063
2019-03-18,3.4,3.6,3.3,3.4,324131
2019-03-19,3.4,3.5,3.3,3.3,418313
2019-03-20,3.3,3.4,3.3,3.4,328790
2019-03-21,3.4,3.4,3.3,3.4,283637
2019-03-24,3.3,3.5,3.3,3.4,133770
2019-03-25,3.4,3.5,3.3,3.4,167462
2019-03-27,3.4,3.4,3.1,3.2,530162
2019-03-28,3.2,3.3,3.1,3.2,213117
2019-03-31,3.2,3.4,3.2,3.3,172202
2019-04-01,3.3,3.4,3.3,3.4,143102
2019-04-02,3.4,3.4,3.3,3.3,321134
2019-04-03,3.3,3.4,3.2,3.3,220564
2019-04-04,3.3,3.3,3.2,3.3,295523
2019-04-07,3.3,3.3,3.1,3.1,304793
2019-04-08,3.1,3.2,2.9,3.0,721506
2019-04-09,3.0,3.0,2.8,2.9,332282
2019-04-10,2.9,3.0,2.7,2.8,565829
2019-04-11,2.9,3.0,2.8,2.9,258879
2019-04-15,3.0,3.1,3.0,3.1,90810
2019-04-16,3.2,3.3,3.1,3.1,324485
2019-04-17,3.2,3.2,3.0,3.1,296658
2019-04-18,3.1,3.2,3.1,3.1,83638
2019-04-21,3.2,3.2,3.1,3.1,87965
2019-04-23,3.1,3.2,3.0,3.0,122436
2019-04-24,3.0,3.1,2.9,3.1,130728
2019-04-25,3.0,3.1,3.0,3.0,105109
2019-04-28,3.0,3.0,2.9,2.9,150718
2019-04-29,3.0,3.0,2.9,3.0,219935
2019-04-30,2.9,3.0,2.9,3.0,175341
2019-05-02,3.0,3.2,3.0,3.2,275278
2019-05-05,3.2,3.4,3.1,3.3,423720
2019-05-06,3.4,3.4,3.2,3.2,285010
2019-05-07,3.2,3.2,3.1,3.1,155513
2019-05-08,3.1,3.1,3.0,3.1,213660
2019-05-09,3.0,3.2,3.0,3.1,72582
2019-05-12,3.1,3.2,3.0,3.2,84392
2019-05-13,3.2,3.3,3.0,3.0,385927
2019-05-14,3.0,3.1,3.0,3.0,99033
2019-05-15,3.1,3.1,3.0,3.1,136256
2019-05-16,3.0,3.2,3.0,3.1,123535
2019-05-19,3.2,3.3,3.2,3.2,302892
2019-05-20,3.1,3.2,3.1,3.1,61260
2019-05-21,3.1,3.2,3.0,3.1,104824
2019-05-22,3.1,3.1,3.0,3.1,38660
2019-05-23,3.1,3.2,3.0,3.1,106660
2019-05-26,3.1,3.2,3.1,3.2,177001
2019-05-27,3.2,3.2,3.1,3.1,110855
2019-05-28,3.1,3.2,3.1,3.2,332204
2019-05-29,3.2,3.3,3.1,3.2,410099
2019-05-30,3.2,3.2,3.0,3.1,635595
2019-06-09,3.1,3.1,3.0,3.1,125978
2019-06-10,3.2,3.2,3.1,3.1,350000
2019-06-11,3.1,3.2,3.0,3.1,297965
2019-06-12,3.1,3.2,3.0,3.0,555613
2019-06-13,3.1,3.1,3.0,3.1,155465
2019-06-16,3.1,3.1,2.9,3.0,1325727
2019-06-17,3.1,3.1,2.9,3.0,321361
2019-06-18,3.0,3.1,3.0,3.0,154516
2019-06-19,3.1,3.1,3.0,3.0,172231
2019-06-20,3.0,3.2,3.0,3.1,2628130
2019-06-23,3.1,3.2,3.0,3.1,471709
2019-06-24,3.1,3.1,3.0,3.0,341754
2019-06-25,3.1,3.1,2.9,2.9,1011930
2019-06-26,3.0,3.1,2.8,2.9,686763
2019-06-27,3.0,3.0,2.8,2.9,399451
2019-06-30,2.9,3.0,2.9,2.9,100392
2019-07-02,2.9,3.0,2.8,2.8,868737
2019-07-03,2.8,2.9,2.8,2.9,219297
2019-07-04,2.9,2.9,2.7,2.9,833181
2019-07-07,2.9,2.9,2.8,2.8,257799
2019-07-08,2.8,2.9,2.7,2.8,234884
2019-07-09,2.8,2.8,2.7,2.7,227327
2019-07-10,2.7,2.8,2.5,2.6,1100529
2019-07-11,2.5,2.6,2.4,2.5,548890
2019-07-14,2.5,2.7,2.5,2.5,168429
2019-07-15,2.5,2.6,2.4,2.5,279243
2019-07-16,2.6,2.6,2.4,2.5,181698
2019-07-17,2.5,2.5,2.4,2.4,312728
2019-07-18,2.4,2.5,2.2,2.3,422401
2019-07-21,2.2,2.3,2.1,2.1,680864
2019-07-22,2.0,2.0,1.9,1.9,791332
2019-07-23,2.0,2.0,1.9,2.0,723085
2019-07-24,2.0,2.2,2.0,2.2,368632
2019-07-25,2.3,2.4,2.3,2.4,257594
2019-07-28,2.5,2.6,2.5,2.6,465998
2019-07-29,2.8,2.8,2.5,2.6,961177
2019-07-30,2.5,2.7,2.4,2.5,222431
2019-07-31,2.5,2.5,2.3,2.3,289036
2019-08-01,2.4,2.4,2.3,2.4,167671
2019-08-04,2.4,2.6,2.4,2.5,167110
2019-08-05,2.6,2.6,2.3,2.5,258457
2019-08-06,2.4,2.5,2.4,2.5,97177
2019-08-07,2.5,2.6,2.4,2.5,270926
2019-08-08,2.5,2.6,2.4,2.5,268046
2019-08-18,2.5,2.6,2.4,2.5,276716
2019-08-19,2.5,2.6,2.4,2.5,139546
2019-08-20,2.5,2.6,2.5,2.6,293400
2019-08-21,2.6,2.8,2.6,2.8,710477
2019-08-22,2.9,3.0,2.9,3.0,1496044
2019-08-25,3.1,3.1,2.8,2.8,570831
2019-08-26,2.8,2.8,2.6,2.6,549324
2019-08-27,2.7,2.7,2.6,2.7,171116
2019-08-28,2.7,2.9,2.7,2.9,480260
2019-08-29,2.8,3.0,2.8,2.9,540529
2019-09-01,2.8,2.9,2.7,2.8,110963
2019-09-02,2.7,2.8,2.7,2.8,253267
2019-09-03,2.7,2.8,2.6,2.6,156326
2019-09-04,2.7,2.7,2.6,2.6,121303
2019-09-05,2.6,2.8,2.6,2.7,119759
2019-09-08,2.6,2.8,2.6,2.7,92866
2019-09-09,2.7,2.8,2.6,2.7,201385
2019-09-11,2.7,2.7,2.5,2.5,303070
2019-09-12,2.5,2.6,2.5,2.5,220812
2019-09-15,2.6,2.6,2.5,2.5,145294
2019-09-16,2.6,2.6,2.4,2.5,160006
2019-09-17,2.5,2.6,2.4,2.4,395948
2019-09-18,2.5,2.5,2.4,2.5,83611
2019-09-19,2.5,2.5,2.3,2.3,513858
2019-09-22,2.2,2.4,2.2,2.4,221938
2019-09-23,2.3,2.5,2.3,2.4,207257
2019-09-24,2.4,2.5,2.3,2.3,82191
2019-09-25,2.4,2.4,2.3,2.3,151916
2019-09-26,2.4,2.4,2.3,2.3,43519
2019-09-29,2.3,2.4,2.3,2.3,59825
2019-09-30,2.3,2.4,2.3,2.3,116836
2019-10-01,2.3,2.4,2.2,2.3,153584
2019-10-02,2.3,2.3,2.2,2.3,115961
2019-10-03,2.4,2.4,2.3,2.3,154733
2019-10-06,2.4,2.4,2.3,2.4,64757
2019-10-07,2.4,2.4,2.2,2.3,120782
2019-10-09,2.3,2.3,2.2,2.2,284305
2019-10-10,2.2,2.3,2.2,2.2,162192
2019-10-13,2.2,2.2,2.1,2.1,215817
2019-10-14,2.1,2.2,2.1,2.1,182378
2019-10-15,2.1,2.2,2.1,2.1,79952
2019-10-16,2.1,2.2,2.1,2.1,121582
2019-10-17,2.1,2.2,2.0,2.0,538344
2019-10-20,2.1,2.1,1.9,2.0,234045
2019-10-21,2.0,2.0,1.9,1.9,151574
2019-10-22,1.9,1.9,1.8,1.9,161699
2019-10-23,1.8,2.0,1.8,1.9,349332
2019-10-24,1.9,1.9,1.8,1.9,357139
2019-10-27,2.0,2.0,1.8,1.9,76530
2019-10-28,1.9,1.9,1.8,1.8,247603
2019-10-29,1.8,1.9,1.7,1.8,154991
2019-10-30,1.7,1.9,1.7,1.9,276047
2019-10-31,1.9,2.0,1.9,2.0,124836
2019-11-03,2.1,2.2,2.0,2.1,398299
2019-11-04,2.1,2.1,1.9,2.0,161550
2019-11-05,2.0,2.0,1.9,1.9,203872
2019-11-06,1.9,2.0,1.9,2.0,208391
2019-11-07,2.0,2.1,1.9,2.1,429236
2019-11-11,2.1,2.1,2.0,2.0,33258
2019-11-12,2.0,2.1,1.9,2.0,246350
2019-11-13,1.9,2.0,1.9,1.9,111999
2019-11-14,1.9,2.0,1.8,1.9,223972
2019-11-17,1.9,2.0,1.8,1.8,317651
2019-11-18,1.9,1.9,1.8,1.9,37238
2019-11-19,1.9,1.9,1.8,1.9,216801
2019-11-20,2.0,2.0,1.9,2.0,119369
2019-11-21,1.9,2.0,1.8,1.8,231106
2019-11-24,1.8,1.9,1.8,1.9,379647
2019-11-25,2.0,2.0,1.8,1.9,227772
2019-11-26,1.9,2.0,1.8,1.9,188920
2019-11-27,1.9,2.0,1.9,1.9,141702
2019-11-28,1.9,2.0,1.9,2.0,706413
2019-12-01,2.0,2.2,2.0,2.1,673608
2019-12-02,2.2,2.3,2.0,2.1,532133
2019-12-03,2.1,2.1,2.0,2.0,103604
2019-12-04,2.1,2.2,2.0,2.1,227152
2019-12-05,2.0,2.1,2.0,2.1,116975
2019-12-08,2.0,2.1,2.0,2.0,311541
2019-12-09,2.0,2.1,1.9,2.1,152296
2019-12-10,2.1,2.1,2.0,2.0,74294
2019-12-11,2.0,2.1,1.9,2.0,98490
2019-12-12,2.0,2.0,1.9,1.9,294270
2019-12-15,2.0,2.0,1.9,1.9,53365
2019-12-17,2.0,2.0,1.8,1.8,365365
2019-12-18,1.9,1.9,1.8,1.9,136643
2019-12-19,2.0,2.0,1.8,1.8,923017
2019-12-22,1.9,1.9,1.8,1.8,128365
2019-12-23,1.8,1.9,1.8,1.9,53488
2019-12-24,1.9,1.9,1.8,1.8,100685
2019-12-26,1.8,1.9,1.8,1.8,105877
2019-12-29,1.8,1.9,1.8,1.8,276669
2019-12-30,1.8,1.9,1.8,1.8,66399
2020-01-01,1.9,1.9,1.8,1.9,28129
2020-01-02,1.9,2.0,1.8,1.9,175784
2020-01-05,1.9,1.9,1.8,1.8,39868
2020-01-06,1.8,1.9,1.8,1.8,198496
2020-01-07,1.8,1.9,1.8,1.9,97861
2020-01-08,1.9,1.9,1.8,1.9,227756
2020-01-09,1.9,1.9,1.8,1.9,109641
2020-01-12,1.9,1.9,1.8,1.9,21425
2020-01-13,1.8,1.9,1.8,1.8,346850
2020-01-14,1.8,1.8,1.7,1.7,352624
2020-01-15,1.8,1.8,1.6,1.7,188052
2020-01-16,1.7,1.8,1.7,1.7,61042
2020-01-19,1.8,1.8,1.7,1.8,152538
2020-01-20,1.9,1.9,1.8,1.9,155761
2020-01-21,1.8,1.9,1.8,1.8,177069
2020-01-22,1.8,1.9,1.7,1.8,160108
2020-01-23,1.8,1.8,1.7,1.8,239406
2020-01-26,1.8,1.9,1.7,1.8,222701
2020-01-27,1.8,1.9,1.8,1.8,253602
2020-01-28,1.9,1.9,1.8,1.8,25221
2020-01-29,1.9,1.9,1.8,1.8,20979
2020-01-30,1.8,1.9,1.7,1.9,281981
2020-02-02,1.9,1.9,1.8,1.8,141287
2020-02-03,1.8,1.9,1.8,1.8,211361
2020-02-04,1.8,1.9,1.7,1.8,603712
2020-02-05,1.8,1.8,1.7,1.8,163103
2020-02-06,1.8,1.9,1.7,1.7,230692
2020-02-09,1.7,1.8,1.7,1.7,623755
2020-02-10,1.7,1.8,1.7,1.7,173122
2020-02-11,1.8,1.8,1.7,1.7,164822
2020-02-12,1.8,1.8,1.7,1.7,477669
2020-02-13,1.7,1.8,1.7,1.7,300631
2020-02-16,1.8,1.8,1.7,1.8,463693
2020-02-17,1.9,1.9,1.8,1.9,819356
2020-02-18,1.9,2.0,1.9,2.0,550601
2020-02-19,2.0,2.2,2.0,2.0,644310
2020-02-20,2.0,2.1,2.0,2.0,535820
2020-02-23,2.0,2.1,1.9,1.9,812123
2020-02-24,1.9,2.0,1.8,1.9,343945
2020-02-25,1.9,2.0,1.9,1.9,317932
2020-02-26,1.9,2.0,1.8,1.9,533500
2020-02-27,1.9,2.0,1.9,2.0,813882
2020-03-01,2.0,2.0,1.8,1.9,676097
2020-03-02,1.9,2.0,1.8,1.9,352575
2020-03-03,2.0,2.0,1.9,1.9,143434
2020-03-04,1.9,2.0,1.8,1.9,535737
2020-03-05,1.9,2.0,1.8,2.0,313133
2020-03-08,2.0,2.0,1.8,1.9,428716
2020-03-09,1.9,1.9,1.8,1.8,353248
2020-03-10,1.7,1.9,1.7,1.8,115869
2020-03-11,1.8,1.9,1.7,1.8,357132
2020-03-12,1.8,1.9,1.7,1.7,395537
2020-03-15,1.7,1.8,1.6,1.7,430736
2020-03-16,1.8,1.8,1.6,1.6,590590
2020-03-18,1.7,1.7,1.5,1.5,536690
2020-03-19,1.6,1.6,1.5,1.5,56216
2020-03-22,1.7,1.8,1.7,1.7,190981
2020-03-23,1.7,1.8,1.7,1.7,97784
2020-03-24,1.7,1.7,1.7,1.7,62129
2020-03-25,1.7,1.8,1.7,1.7,103455
2020-05-31,1.7,1.7,1.7,1.7,15520
2020-06-01,1.7,1.7,1.7,1.7,2400
2020-06-02,1.7,1.7,1.7,1.7,8100
2020-06-03,1.7,1.7,1.7,1.7,34300
2020-06-04,1.7,1.7,1.7,1.7,4805
2020-06-07,1.7,1.7,1.7,1.7,2500
2020-06-08,1.7,1.7,1.7,1.7,1000
2020-06-09,1.7,1.7,1.7,1.7,1000
2020-06-10,1.7,1.7,1.7,1.7,111000
2020-06-11,1.7,1.7,1.7,1.7,7700
2020-06-14,1.7,1.7,1.7,1.7,6000
2020-06-15,1.7,1.7,1.7,1.7,125320
2020-06-16,1.7,1.7,1.7,1.7,3001
2020-06-17,1.7,1.7,1.7,1.7,2950
2020-06-18,1.7,1.7,1.7,1.7,3000
2020-06-21,1.7,1.7,1.7,1.7,5000
2020-06-22,1.7,1.7,1.7,1.7,10176
2020-06-23,1.7,1.7,1.7,1.7,518
2020-06-24,1.7,1.7,1.7,1.7,8065
2020-06-25,1.7,1.7,1.7,1.7,167597
2020-06-28,1.7,1.8,1.7,1.8,3457688
2020-06-29,1.8,1.9,1.8,1.9,874036
2020-06-30,2.0,2.0,1.8,1.9,774112
2020-07-02,1.9,1.9,1.8,1.8,288924
2020-07-05,1.8,1.9,1.7,1.8,123732
2020-07-06,1.7,1.9,1.7,1.8,71465
2020-07-07,1.8,1.9,1.8,1.8,135852
2020-07-08,1.8,1.9,1.8,1.9,306127
2020-07-09,1.9,1.9,1.8,1.8,139760
2020-07-12,1.8,1.8,1.7,1.7,510604
2020-07-13,1.7,1.8,1.7,1.7,824240
2020-07-14,1.7,1.8,1.7,1.7,347557
2020-07-15,1.7,1.7,1.7,1.7,96623
2020-07-16,1.7,1.7,1.7,1.7,103248
2020-07-19,1.7,1.7,1.7,1.7,189700
2020-07-20,1.7,1.7,1.7,1.7,194066
2020-07-21,1.7,1.7,1.7,1.7,97024
2020-07-22,1.7,1.8,1.7,1.7,244052
2020-07-23,1.7,1.8,1.7,1.7,357348
2020-07-26,1.8,1.8,1.7,1.7,110535
2020-07-27,1.7,1.8,1.7,1.7,144009
2020-07-28,1.7,1.8,1.7,1.8,186185
2020-07-29,1.7,1.7,1.7,1.7,156024
2020-07-30,1.7,1.7,1.7,1.7,324280
2020-08-03,1.7,1.8,1.7,1.7,149205
2020-08-04,1.7,1.8,1.7,1.7,131000
2020-08-05,1.7,1.8,1.7,1.7,64989
2020-08-06,1.8,1.8,1.7,1.7,747935
2020-08-09,1.8,1.8,1.8,1.8,927229
2020-08-10,1.9,1.9,1.9,1.9,989708
2020-08-12,2.0,2.0,2.0,2.0,356169
2020-08-13,2.2,2.2,2.2,2.2,465117
2020-08-16,2.4,2.4,2.4,2.4,349455
2020-08-17,2.6,2.6,2.6,2.6,780357
2020-08-18,2.8,2.8,2.5,2.7,4662890
2020-08-19,2.6,2.9,2.5,2.6,0
2020-08-20,2.6,2.7,2.4,2.4,1281200
2020-08-23,2.4,2.6,2.3,2.3,1941069
2020-08-24,2.3,2.4,2.1,2.2,896768
2020-08-25,2.3,2.3,2.1,2.3,936475
2020-08-26,2.3,2.3,2.2,2.2,489840
2020-08-27,2.2,2.4,2.2,2.4,402701
2020-08-31,2.4,2.6,2.4,2.6,803140
2020-09-01,2.6,2.8,2.5,2.6,714985
2020-09-02,2.8,2.8,2.6,2.8,1269650
2020-09-03,2.8,2.8,2.6,2.7,723505
2020-09-06,2.7,2.7,2.5,2.6,668180
2020-09-07,2.6,2.6,2.4,2.5,927303
2020-09-08,2.6,2.6,2.3,2.3,2264299
2020-09-09,2.3,2.5,2.3,2.5,2079007
2020-09-10,2.6,2.7,2.6,2.7,2016109
2020-09-13,2.9,2.9,2.9,2.9,993282
2020-09-14,3.1,3.1,3.1,3.1,778824
2020-09-15,3.4,3.4,3.1,3.3,13289101
2020-09-16,3.4,3.6,3.4,3.6,3433412
2020-09-17,3.8,3.9,3.7,3.9,4213686
2020-09-20,4.2,4.2,4.1,4.2,1974758
2020-09-21,4.6,4.6,3.8,4.1,8493959
2020-09-22,4.2,4.3,3.7,3.8,6237932
2020-09-23,3.9,4.1,3.8,4.1,2709388
2020-09-24,4.1,4.5,4.1,4.3,3417500
2020-09-27,4.3,4.5,4.0,4.1,2485476
2020-09-28,4.1,4.1,3.8,3.8,2285841
2020-09-29,3.9,4.0,3.8,3.9,1129624
2020-09-30,4.0,4.1,3.8,3.8,1135193
2020-10-01,3.8,4.0,3.7,3.8,1308929
2020-10-04,3.8,3.8,3.5,3.5,2040931
2020-10-05,3.2,3.5,3.2,3.2,1981020
2020-10-06,3.1,3.5,2.9,3.5,2998191
2020-10-07,3.7,3.8,3.5,3.7,1420250
2020-10-08,3.7,3.7,3.4,3.5,1099556
2020-10-11,3.4,3.4,3.2,3.2,867060
2020-10-12,3.3,3.3,3.1,3.2,523138
2020-10-13,3.3,3.3,3.1,3.2,452682
2020-10-14,3.3,3.3,3.1,3.1,528957
2020-10-15,3.1,3.2,3.1,3.2,630587
2020-10-18,3.2,3.2,3.0,3.0,579038
2020-10-19,3.1,3.1,2.8,2.9,954210
2020-10-20,2.9,3.1,2.9,3.0,833544
2020-10-21,3.0,3.1,2.9,3.0,720122
2020-10-22,3.0,3.0,2.8,2.9,786609
2020-10-25,2.9,3.0,2.7,2.7,1559296
2020-10-27,2.8,2.8,2.5,2.5,988708
2020-10-28,2.3,2.4,2.3,2.3,801320
2020-10-29,2.1,2.5,2.1,2.5,1243745
2020-11-01,2.6,2.7,2.6,2.7,629236
2020-11-02,2.9,2.9,2.9,2.9,469237
2020-11-03,3.1,3.1,2.8,2.9,1490685
2020-11-04,2.8,2.9,2.7,2.8,525200
2020-11-05,2.9,2.9,2.6,2.6,1308762
2020-11-08,2.5,2.6,2.4,2.4,1492335
2020-11-09,2.3,2.6,2.3,2.6,421489
2020-11-10,2.6,2.8,2.6,2.6,623578
2020-11-11,2.6,2.7,2.5,2.5,300034
2020-11-12,2.5,2.6,2.4,2.5,351371
2020-11-15,2.5,2.6,2.4,2.5,529405
2020-11-16,2.5,2.6,2.4,2.4,374859
2020-11-17,2.5,2.5,2.4,2.5,334012
2020-11-18,2.5,2.5,2.4,2.4,267750
2020-11-19,2.4,2.5,2.2,2.5,997772
2020-11-22,2.4,2.6,2.4,2.4,576080
2020-11-23,2.4,2.4,2.2,2.3,1002899
2020-11-24,2.4,2.4,2.3,2.4,221674
2020-11-25,2.4,2.5,2.3,2.4,527057
2020-11-26,2.5,2.6,2.4,2.5,591865
2020-11-29,2.5,2.5,2.3,2.4,607338
2020-11-30,2.5,2.5,2.3,2.3,746742
2020-12-01,2.4,2.4,2.3,2.3,439652
2020-12-02,2.4,2.4,2.2,2.4,1087048
2020-12-03,2.4,2.4,2.3,2.3,1243303
2020-12-06,2.4,2.5,2.3,2.4,1002661
2020-12-07,2.4,2.4,2.3,2.3,760284
2020-12-08,2.4,2.5,2.3,2.4,626362
2020-12-09,2.4,2.5,2.3,2.5,735445
2020-12-10,2.5,2.5,2.4,2.5,864039
2020-12-13,2.5,2.7,2.5,2.7,2258789
2020-12-14,2.8,2.8,2.6,2.6,1087160
2020-12-15,2.6,2.6,2.5,2.5,627275
2020-12-17,2.5,2.6,2.4,2.5,452128
2020-12-20,2.5,2.5,2.4,2.4,425518
2020-12-21,2.5,2.5,2.4,2.5,1027597
2020-12-22,2.4,2.5,2.3,2.4,893233
2020-12-23,2.4,2.5,2.3,2.4,432891
2020-12-24,2.4,2.5,2.3,2.4,472357
2020-12-27,2.4,2.5,2.3,2.4,732909
2020-12-28,2.5,2.5,2.4,2.4,927272
2020-12-29,2.5,2.5,2.4,2.4,865712
2020-12-30,2.5,2.5,2.4,2.4,1012904
2021-01-03,2.5,2.6,2.4,2.5,2398260
2021-01-04,2.6,2.7,2.5,2.6,1604877
2021-01-05,2.6,2.7,2.4,2.4,3146141
2021-01-06,2.5,2.5,2.4,2.5,1821240
2021-01-07,2.5,2.6,2.4,2.4,825130
2021-01-10,2.5,2.6,2.4,2.6,1198447
2021-01-11,2.6,2.7,2.5,2.7,1850112
2021-01-12,2.7,2.9,2.7,2.9,3574574
2021-01-13,2.8,2.9,2.7,2.7,2801136
2021-01-14,2.5,2.5,2.5,2.5,1763218
2021-01-17,2.3,2.4,2.3,2.3,2624409
2021-01-18,2.1,2.4,2.1,2.2,2762557
2021-01-19,2.2,2.3,2.2,2.3,837767
2021-01-20,2.3,2.3,2.2,2.2,844441
2021-01-21,2.3,2.3,2.1,2.2,1217037
2021-01-24,2.3,2.3,2.1,2.2,498133
2021-01-25,2.1,2.2,2.0,2.0,2272302
2021-01-26,2.0,2.0,1.8,1.9,783274
2021-01-27,1.9,2.0,1.8,2.0,827722
2021-01-28,2.0,2.1,1.9,2.1,707830
2021-01-31,2.1,2.2,2.0,2.1,468191
2021-02-01,2.2,2.2,2.1,2.1,437768
2021-02-02,2.1,2.1,2.0,2.0,215863
2021-02-03,2.0,2.1,2.0,2.0,403161
2021-02-04,2.0,2.1,2.0,2.0,562483
2021-02-07,2.0,2.1,1.9,2.0,656894
2021-02-08,2.0,2.0,1.8,1.9,748726
2021-02-09,1.9,2.0,1.9,1.9,500549
2021-02-10,2.0,2.0,1.9,2.0,1076371
2021-02-11,2.0,2.1,1.9,2.0,333147
2021-02-14,2.0,2.0,1.8,1.9,973902
2021-02-15,1.9,2.0,1.9,1.9,479950
2021-02-16,2.0,2.0,1.8,1.9,386056
2021-02-17,1.9,1.9,1.8,1.9,262549
2021-02-18,1.9,2.0,1.8,1.9,728793
2021-02-22,1.8,1.9,1.8,1.9,327624
2021-02-23,1.9,1.9,1.8,1.9,272874
2021-02-24,2.0,2.0,1.9,2.0,593379
2021-02-25,2.0,2.0,1.9,1.9,793813
2021-02-28,2.0,2.0,1.9,2.0,672663
2021-03-01,2.0,2.2,1.9,2.2,3468074
2021-03-02,2.4,2.4,2.4,2.4,2063675
2021-03-03,2.6,2.6,2.6,2.6,995180
2021-03-04,2.8,2.8,2.4,2.4,5219449
2021-03-07,2.3,2.4,2.2,2.2,1660748
2021-03-08,2.3,2.4,2.2,2.4,896955
2021-03-09,2.4,2.5,2.3,2.4,667016
2021-03-10,2.4,2.4,2.2,2.3,915458
2021-03-11,2.3,2.4,2.2,2.3,535876
2021-03-14,2.4,2.4,2.2,2.2,356353
2021-03-15,2.2,2.3,2.1,2.2,621885
2021-03-16,2.2,2.3,2.2,2.2,596303
2021-03-18,2.2,2.3,2.1,2.1,1643914
2021-03-21,2.2,2.2,2.0,2.1,638816
2021-03-22,2.2,2.2,2.0,2.1,490700
2021-03-23,2.1,2.2,2.1,2.1,391622
2021-03-24,2.1,2.2,2.0,2.1,518813
2021-03-25,2.1,2.1,2.0,2.0,590729
2021-03-28,2.1,2.1,2.0,2.1,170739
2021-03-29,2.1,2.3,2.1,2.2,997478
2021-03-31,2.1,2.2,2.0,2.1,1142847
2021-04-01,2.1,2.2,2.0,2.1,261589
2021-04-04,2.0,2.1,1.9,2.0,1059889
2021-04-05,2.0,2.1,1.9,2.0,77858
2021-04-06,2.1,2.2,2.0,2.1,466506
2021-04-07,2.1,2.2,2.0,2.1,191190
2021-04-08,2.1,2.1,1.9,2.1,1621236
2021-04-11,2.1,2.3,2.0,2.1,562027
2021-04-12,2.2,2.2,2.1,2.2,388220
2021-04-13,2.2,2.2,2.1,2.2,441480
2021-04-15,2.2,2.2,2.1,2.1,242750
2021-04-18,2.2,2.2,2.1,2.2,210009
2021-04-19,2.1,2.2,2.1,2.1,970415
2021-04-20,2.2,2.2,2.1,2.1,165357
2021-04-21,2.2,2.2,2.1,2.1,173319
2021-04-22,2.2,2.2,2.1,2.1,1128589
2021-04-25,2.1,2.2,2.1,2.1,475202
2021-04-26,2.1,2.2,2.0,2.0,546031
2021-04-27,2.1,2.1,2.0,2.1,180824
2021-04-28,2.1,2.1,2.0,2.0,276735
2021-04-29,2.0,2.1,2.0,2.0,152363
2021-05-02,2.1,2.1,2.0,2.1,383045
2021-05-03,2.1,2.2,2.1,2.1,468029
2021-05-04,2.1,2.1,2.0,2.1,630218
2021-05-05,2.1,2.2,2.0,2.1,1023904
2021-05-06,2.1,2.2,2.0,2.2,824422
2021-05-09,2.2,2.2,2.1,2.2,987227
2021-05-11,2.2,2.3,2.1,2.2,1159248
2021-05-12,2.2,2.3,2.2,2.3,1702614
2021-05-16,2.3,2.5,2.3,2.5,2597333
2021-05-17,2.7,2.7,2.4,2.5,4632523
2021-05-18,2.5,2.7,2.4,2.6,2335696
2021-05-19,2.6,2.7,2.5,2.5,1758901
2021-05-20,2.5,2.5,2.4,2.4,661300
2021-05-23,2.4,2.5,2.3,2.4,1482943
2021-05-24,2.5,2.6,2.5,2.6,3678791
2021-05-25,2.8,2.8,2.6,2.7,3877928
2021-05-27,2.7,2.7,2.6,2.6,1590912
2021-05-30,2.6,2.7,2.5,2.5,1250114
2021-05-31,2.6,2.6,2.5,2.5,1643236
2021-06-01,2.5,2.6,2.4,2.4,1137482
2021-06-02,2.5,2.5,2.4,2.5,889205
2021-06-03,2.5,2.5,2.4,2.4,439734
2021-06-06,2.4,2.5,2.4,2.4,1245339
2021-06-07,2.4,2.5,2.4,2.4,1573609
2021-06-08,2.4,2.5,2.4,2.5,631151
2021-06-09,2.5,2.6,2.4,2.5,1871411
2021-06-10,2.6,2.7,2.5,2.7,3822081
2021-06-13,2.9,2.9,2.9,2.9,2900151
2021-06-14,3.1,3.1,2.8,3.0,12324154
2021-06-15,3.0,3.3,2.8,3.2,8113147
2021-06-16,3.3,3.5,3.3,3.5,5179812
2021-06-17,3.8,3.8,3.8,3.8,3102412
2021-06-20,4.1,4.1,3.6,4.0,19147434
2021-06-21,4.0,4.2,3.9,4.0,6744045
2021-06-22,4.0,4.1,3.9,4.0,3655860
2021-06-23,4.1,4.1,3.8,3.9,4251740
2021-06-24,3.9,4.0,3.6,3.7,4131128
2021-06-27,3.6,3.7,3.5,3.6,4908842
2021-06-28,3.7,3.9,3.7,3.9,3176586
2021-06-29,4.1,4.2,4.0,4.2,9828321
2021-06-30,4.2,4.5,4.0,4.4,10331822
2021-07-05,4.4,4.8,4.4,4.8,7532597
2021-07-06,5.2,5.2,5.2,5.2,2281569
2021-07-07,5.7,5.7,5.0,5.1,18753188
2021-07-08,5.2,5.2,4.9,5.1,9147347
2021-07-12,5.3,5.6,5.2,5.6,7459063
2021-07-13,6.0,6.1,5.9,6.1,5671911
2021-07-14,6.5,6.6,5.7,6.2,19743598
2021-07-15,6.3,6.5,6.0,6.3,8615973
2021-07-18,6.3,6.4,6.0,6.1,5327365
2021-07-19,6.1,6.1,5.8,5.9,4714050
2021-07-25,5.9,5.9,5.4,5.4,4608662
2021-07-26,5.0,5.9,4.9,5.8,8052813
2021-07-27,5.9,6.3,5.8,5.9,3702441
2021-07-28,5.9,5.9,5.6,5.7,1522407
2021-07-29,5.6,5.8,5.5,5.8,2402093
2021-08-02,5.9,6.1,5.9,6.1,4494599
2021-08-03,6.1,6.2,5.9,5.9,3266201
2021-08-05,5.8,6.1,5.8,5.9,2768938
2021-08-09,5.9,6.0,5.8,5.8,2987598
2021-08-10,5.9,6.3,5.9,6.1,5947088
2021-08-11,6.1,6.2,6.0,6.1,3157139
2021-08-12,6.2,6.7,6.2,6.7,14136029
2021-08-16,7.1,7.3,7.1,7.3,6668401
2021-08-17,7.9,7.9,7.0,7.4,14081342
2021-08-18,7.5,7.5,7.1,7.3,5340762
2021-08-19,7.3,7.5,7.0,7.3,4100353
2021-08-22,7.6,7.9,7.5,7.7,5618959
2021-08-23,7.8,7.8,7.3,7.5,3422093
2021-08-24,7.5,7.8,7.4,7.6,2797726
2021-08-25,7.7,7.7,7.1,7.2,6947603
2021-08-26,7.2,7.2,7.0,7.1,3777831
2021-08-29,7.2,7.2,6.5,6.6,5071542
2021-08-31,6.6,7.2,6.6,7.2,4226320
2021-09-01,7.3,7.8,7.0,7.2,5100870
2021-09-02,7.3,7.3,7.0,7.1,2326624
2021-09-05,7.1,7.4,7.1,7.1,2504183
2021-09-06,7.2,7.3,7.1,7.2,2691573
2021-09-07,7.2,7.2,6.8,7.0,4277851
2021-09-08,7.0,7.2,6.9,6.9,2014980
2021-09-09,7.1,7.4,7.1,7.3,9642867
2021-09-12,7.9,8.0,7.3,7.4,15262361
2021-09-13,7.5,7.6,7.4,7.5,3405207
2021-09-14,7.5,7.8,7.4,7.4,2699449
2021-09-15,7.4,7.6,7.2,7.5,3706057
2021-09-16,7.6,7.9,7.6,7.8,9011190
2021-09-19,8.0,8.0,7.7,7.8,5218322
2021-09-20,7.8,7.9,7.6,7.7,2482377
2021-09-21,7.8,7.8,7.5,7.6,1359139
2021-09-22,7.7,7.8,7.6,7.7,2905717
2021-09-23,7.8,7.8,7.6,7.7,3019914
2021-09-26,7.8,7.8,7.5,7.5,2642676
2021-09-27,7.6,7.6,7.3,7.4,1941651
2021-09-28,7.4,7.4,7.2,7.3,1767523
2021-09-29,7.3,7.3,7.1,7.1,1699651
2021-09-30,7.1,7.2,6.9,7.0,2121760
2021-10-03,7.0,7.3,7.0,7.0,1885720
2021-10-04,7.0,7.6,7.0,7.5,5226278
2021-10-05,7.6,7.8,7.3,7.5,3187260
2021-10-06,7.6,7.8,7.5,7.6,5991633
2021-10-07,7.8,7.8,7.6,7.7,9707349
2021-10-10,8.4,8.4,8.4,8.4,4575753
2021-10-11,8.8,8.8,7.9,8.2,8438519
2021-10-12,8.1,8.6,8.1,8.4,5619051
2021-10-13,8.5,8.6,8.1,8.4,8320610
2021-10-14,8.4,9.2,8.2,8.7,6531097
2021-10-17,9.0,9.1,8.7,8.8,3247455
2021-10-18,8.8,8.8,8.3,8.3,2685868
2021-10-19,8.5,8.7,8.2,8.3,2355965
2021-10-21,8.4,8.9,7.5,8.2,5098456
2021-10-24,8.3,8.7,7.8,8.1,2833460
2021-10-25,8.1,8.1,7.6,7.9,3375841
2021-10-26,7.9,8.3,7.8,8.2,1759553
2021-10-27,8.4,8.4,7.9,8.0,1357035
2021-10-28,8.0,8.2,7.8,8.1,1584211
2021-10-31,8.1,8.2,7.9,8.0,1526279
2021-11-01,8.1,8.4,8.0,8.1,1596692
2021-11-02,8.4,8.5,8.1,8.2,3246754
2021-11-03,8.3,8.4,8.1,8.2,1737723
2021-11-04,8.2,8.4,8.1,8.3,1790141
2021-11-07,8.3,8.6,8.2,8.5,2475827
2021-11-08,8.6,8.7,8.4,8.4,2164858
2021-11-09,8.4,8.5,8.3,8.3,1049507
2021-11-10,8.3,8.5,8.3,8.4,930427
2021-11-11,8.5,8.5,8.3,8.3,1097912
2021-11-14,8.2,8.3,7.9,8.2,1594264
2021-11-15,8.2,8.3,8.0,8.0,1157611
2021-11-16,8.3,8.3,8.0,8.1,1121730
2021-11-17,8.1,8.1,7.9,8.0,551944
2021-11-18,7.9,8.0,7.7,7.8,822625
2021-11-21,7.9,7.9,7.3,7.8,2209627
2021-11-22,7.9,8.0,7.5,7.8,1585895
2021-11-23,7.9,8.0,7.6,7.7,918809
2021-11-24,7.8,7.8,7.5,7.5,548759
2021-11-25,7.5,8.2,7.5,7.8,1112782
2021-11-28,7.8,7.8,7.5,7.5,218119
2021-11-29,7.6,7.8,7.6,7.6,104339
2021-11-30,7.7,7.7,7.5,7.6,460484
2021-12-01,7.7,7.7,7.4,7.5,735433
2021-12-02,7.5,7.6,7.4,7.6,369573
2021-12-05,7.4,7.8,7.4,7.6,615241
2021-12-06,7.7,7.7,7.6,7.7,473245
2021-12-07,7.8,7.9,7.7,7.8,800816
2021-12-08,7.8,7.9,7.6,7.7,561178
2021-12-09,7.7,7.8,7.6,7.6,250787
2021-12-12,7.6,7.8,7.5,7.7,509032
2021-12-13,7.6,7.7,7.6,7.6,215580
2021-12-14,7.7,7.8,7.6,7.6,1345858
2021-12-15,7.6,7.6,7.4,7.5,774314
2021-12-19,7.4,7.6,7.3,7.3,531564
2021-12-20,7.4,7.9,7.1,7.6,1233080
2021-12-21,7.6,7.6,7.5,7.5,325073
2021-12-22,7.5,7.6,7.4,7.6,485339
2021-12-23,7.6,7.6,7.4,7.5,849653
2021-12-26,7.6,7.8,7.4,7.5,497533
2021-12-27,7.5,7.6,7.4,7.5,478808
2021-12-28,7.4,7.6,7.4,7.5,473161
2021-12-29,7.5,7.7,7.5,7.6,595364
2021-12-30,7.6,7.7,7.6,7.6,385755
2022-01-02,7.7,7.8,7.7,7.8,240876
2022-01-03,7.9,8.1,7.9,8.0,1605144
2022-01-04,8.0,8.0,7.9,7.9,929719
2022-01-05,7.9,8.0,7.9,7.9,1101768
2022-01-06,8.0,8.0,7.8,7.9,967140
2022-01-09,8.1,8.6,8.0,8.4,4340269
2022-01-10,8.7,8.7,8.4,8.5,2376147
2022-01-11,8.6,8.6,8.3,8.4,1053168
2022-01-12,8.4,8.5,8.2,8.3,1463364
2022-01-13,8.3,8.5,8.0,8.5,1569657
2022-01-16,8.3,8.4,8.2,8.3,765403
2022-01-17,8.4,8.5,8.3,8.3,690287
2022-01-18,8.4,8.5,8.3,8.4,2017734
2022-01-19,8.5,8.5,8.4,8.4,863352
2022-01-20,8.5,8.6,8.4,8.5,1957343
2022-01-23,8.4,8.5,8.3,8.4,1525420
2022-01-24,8.1,8.5,8.1,8.3,596430
2022-01-25,8.2,8.3,8.1,8.2,1111652
2022-01-26,8.3,8.4,8.2,8.3,697521
2022-01-27,8.3,8.4,8.3,8.4,407554
2022-01-30,8.4,8.4,8.3,8.3,790074
2022-01-31,8.3,8.4,8.2,8.3,514119
2022-02-01,8.3,8.4,8.2,8.3,373820
2022-02-02,8.3,8.4,8.2,8.3,817513
2022-02-03,8.3,8.3,8.2,8.3,566974
2022-02-06,8.3,8.3,7.9,8.1,846022
2022-02-07,8.2,8.2,8.0,8.0,878894
2022-02-08,8.1,8.4,8.1,8.3,809628
2022-02-09,8.4,8.5,8.3,8.4,1012591
2022-02-10,8.4,8.5,8.3,8.5,1413415
2022-02-13,8.5,8.5,8.3,8.4,733780
2022-02-14,8.4,8.5,8.3,8.4,939203
2022-02-15,8.4,9.2,8.3,8.9,3314748
2022-02-16,9.3,9.4,9.0,9.2,4833972
2022-02-17,9.3,9.4,8.9,9.0,1753968
2022-02-20,9.0,9.7,8.7,9.2,2291110
2022-02-22,9.2,9.4,9.1,9.3,1050477
2022-02-23,9.3,9.9,9.3,9.9,4203162
2022-02-24,10.1,10.2,9.5,9.8,2718553
2022-02-27,9.6,9.7,9.0,9.4,3331997
2022-02-28,9.4,10.3,9.4,10.2,3703821
2022-03-01,10.4,10.6,10.0,10.1,1826811
2022-03-02,10.1,10.1,9.7,9.8,1993652
2022-03-03,10.1,10.5,9.8,10.4,2186553
2022-03-06,10.5,10.7,10.1,10.2,1293190
2022-03-07,10.3,10.3,9.8,9.9,2419526
2022-03-08,10.0,10.3,9.6,10.2,2540525
2022-03-10,10.6,10.6,10.0,10.4,2963771
2022-03-13,10.4,10.4,10.2,10.3,923650
2022-03-14,10.3,10.5,10.2,10.4,1823159
2022-03-15,10.4,10.4,10.2,10.3,1207483
2022-03-16,10.3,10.5,10.2,10.4,2025084
2022-03-20,10.4,10.4,10.2,10.2,1508690
2022-03-21,10.1,10.7,10.0,10.4,1760143
2022-03-22,10.7,10.7,10.4,10.6,1138658
2022-03-23,10.6,10.7,10.5,10.5,803113
2022-03-24,10.5,10.6,10.4,10.4,1555309
2022-03-27,10.4,11.1,10.2,10.7,3550943
2022-03-28,10.9,11.3,10.7,11.2,3193185
2022-03-29,11.3,11.5,11.1,11.3,2006489
2022-03-30,11.3,11.3,11.1,11.1,794726
2022-03-31,11.2,11.2,10.9,10.9,1888191
2022-04-03,10.8,11.2,10.8,11.1,1175330
2022-04-04,11.2,11.2,10.9,11.0,1049623
2022-04-05,11.0,11.0,10.8,10.8,611341
2022-04-06,10.8,10.9,10.6,10.6,482924
2022-04-07,10.4,10.7,10.4,10.4,1132276
2022-04-10,10.3,10.4,10.2,10.2,623130
2022-04-11,10.5,10.5,10.1,10.3,591603
2022-04-12,10.5,10.5,10.1,10.1,883747
2022-04-13,10.0,10.3,9.9,10.2,1512081
2022-04-17,10.6,10.6,10.0,10.0,534868
2022-04-18,9.9,9.9,9.8,9.8,498675
2022-04-19,9.8,10.2,9.7,10.1,1063597
2022-04-20,10.1,10.3,9.9,10.0,723506
2022-04-21,10.2,10.2,10.0,10.1,369531
2022-04-24,9.9,10.2,9.9,10.1,739678
2022-04-25,10.0,10.2,9.9,10.1,468549
2022-04-26,10.1,10.3,10.0,10.2,234521
2022-04-27,10.2,10.4,10.1,10.2,332406
2022-04-28,10.2,10.4,10.1,10.2,510386
2022-05-05,10.1,10.2,9.8,9.9,618444
2022-05-08,10.1,10.1,9.7,9.8,1075513
2022-05-09,10.1,10.1,9.8,10.0,683885
2022-05-10,10.0,10.3,9.9,9.9,398700
2022-05-11,9.9,10.0,9.7,9.7,479603
2022-05-12,9.7,9.7,9.5,9.5,435697
2022-05-16,9.6,9.6,9.1,9.1,662616
2022-05-17,9.3,9.3,8.7,8.7,569363
2022-05-18,8.6,9.0,8.3,8.3,984242
2022-05-19,8.2,9.1,7.9,9.0,2590239
2022-05-22,9.2,9.3,8.6,8.8,744741
2022-05-23,9.0,9.6,9.0,9.5,864688
2022-05-24,9.8,9.9,9.1,9.3,1026799
2022-05-25,9.5,9.5,9.0,9.4,647046
2022-05-26,9.8,9.8,9.3,9.6,366055
2022-05-29,10.5,10.5,9.8,9.9,520199
2022-05-30,10.4,10.4,9.8,9.8,862517
2022-05-31,9.8,9.8,9.7,9.7,412342
2022-06-01,10.1,10.1,9.6,9.8,214735
2022-06-02,10.5,10.5,9.7,9.8,387545
2022-06-05,10.4,10.4,9.7,9.8,1064615
2022-06-06,9.8,10.0,9.7,9.8,840761
2022-06-07,10.0,10.1,9.8,9.9,1066383
2022-06-08,10.0,10.4,9.9,10.1,3147010
2022-06-09,10.3,10.3,10.0,10.0,2118583
2022-06-12,10.1,10.3,10.0,10.2,961429
2022-06-13,10.2,10.4,10.2,10.2,1168561
2022-06-14,11.0,11.0,10.2,10.4,1026060
2022-06-15,10.7,10.9,10.6,10.7,1499289
2022-06-16,10.8,11.0,10.5,10.5,863049
2022-06-19,10.7,10.7,10.3,10.4,1332582
2022-06-20,10.4,10.4,10.2,10.2,1428350
2022-06-21,10.2,10.2,10.0,10.0,688420
2022-06-22,10.0,10.3,9.9,10.0,510515
2022-06-23,10.0,10.2,10.0,10.0,740238
2022-06-26,10.4,10.4,10.0,10.0,626328
2022-06-27,10.0,10.2,10.0,10.1,433862
2022-06-28,10.2,10.3,10.0,10.1,493276
2022-06-29,10.2,10.3,10.0,10.0,915052
2022-06-30,10.0,10.2,10.0,10.1,363265
2022-07-03,10.0,10.1,9.9,10.0,407075
2022-07-04,10.1,10.8,9.9,10.4,860389
2022-07-05,10.4,10.8,10.3,10.3,1085154
2022-07-06,10.6,10.6,10.3,10.4,456057
2022-07-07,10.7,10.7,10.3,10.4,350793
2022-07-12,10.5,10.6,10.3,10.4,268477
2022-07-13,10.8,10.8,10.2,10.2,763367
2022-07-14,10.4,10.4,10.1,10.2,341500
2022-07-17,10.3,10.5,10.2,10.2,566566
2022-07-18,10.3,10.3,10.0,10.0,1785236
2022-07-19,10.3,10.3,9.8,9.9,2359628
2022-07-20,9.9,10.4,9.9,10.3,2678382
2022-07-21,10.5,10.7,10.3,10.4,2949556
2022-07-24,10.5,10.5,10.2,10.2,1056634
2022-07-25,10.1,10.4,10.0,10.4,1227887
2022-07-26,10.4,10.6,10.2,10.4,3353233
2022-07-27,10.4,10.4,10.2,10.2,1022079
2022-07-28,10.1,10.1,10.0,10.0,1234476
2022-07-31,10.2,10.8,10.2,10.3,817631
2022-08-01,10.3,10.6,10.2,10.5,2412324
2022-08-02,10.6,10.6,10.4,10.4,1769722
2022-08-03,10.5,10.5,10.3,10.4,1408380
2022-08-04,10.3,10.4,10.2,10.2,1320797
2022-08-07,10.3,10.3,10.2,10.2,1075030
2022-08-08,10.2,10.7,10.2,10.4,5197301
2022-08-10,10.4,10.4,10.2,10.2,1681863
2022-08-11,10.3,10.6,10.2,10.4,1933978
2022-08-14,11.4,11.4,10.8,10.9,7426247
2022-08-16,11.0,11.1,10.5,11.0,3169862
2022-08-17,11.0,11.1,10.7,11.0,2157386
2022-08-21,10.9,11.0,10.6,10.7,769713
2022-08-22,10.7,10.8,10.5,10.7,2161460
2022-08-23,10.6,10.8,10.4,10.7,2021519
2022-08-24,10.6,10.7,10.3,10.4,537715
2022-08-25,10.4,10.6,10.3,10.4,616060
2022-08-28,10.3,10.4,10.2,10.2,1706549
2022-08-29,10.5,10.5,10.2,10.3,574367
2022-08-30,10.3,10.4,10.3,10.4,1555820
2022-08-31,10.4,10.7,10.4,10.6,2006608
2022-09-01,10.6,10.7,10.4,10.5,543533
2022-09-04,10.5,10.5,10.2,10.2,1812529
2022-09-05,10.3,10.4,10.2,10.2,1421561
2022-09-06,10.2,10.3,10.2,10.2,674916
2022-09-07,10.2,10.3,10.2,10.2,1589170
2022-09-08,10.2,10.3,10.2,10.2,854776
2022-09-11,10.3,10.3,10.2,10.2,61031
2022-09-12,10.2,10.2,10.2,10.2,221326
2022-09-13,10.2,10.2,10.2,10.2,28973
2022-09-14,10.2,10.2,10.2,10.2,53071
2022-09-15,10.2,10.2,10.2,10.2,160835
2022-09-18,10.2,10.2,10.2,10.2,70241
2022-09-19,10.2,10.2,10.2,10.2,602
2022-09-20,10.2,10.2,10.2,10.2,75451
2022-09-21,10.2,10.2,10.2,10.2,2127
2022-09-22,10.2,10.2,10.2,10.2,1026
2022-09-25,10.2,10.2,10.2,10.2,50375
2022-09-26,10.2,10.2,10.2,10.2,10200
2022-09-27,10.2,10.2,10.2,10.2,749
2022-09-28,10.2,10.2,10.2,10.2,1505
2022-09-29,10.2,10.2,10.2,10.2,4130
2022-10-02,10.2,10.2,10.2,10.2,122460
2022-10-03,10.2,10.2,10.2,10.2,7000
2022-10-04,10.2,10.2,10.2,10.2,510
2022-10-06,10.2,10.2,10.2,10.2,7555
2022-10-10,10.2,10.2,10.2,10.2,2000
2022-10-11,10.2,10.2,10.2,10.2,5
2022-10-12,10.2,10.2,10.2,10.2,17
2022-10-13,10.2,10.2,10.2,10.2,103
2022-10-16,10.2,10.2,10.2,10.2,7
2022-10-17,10.2,10.2,10.2,10.2,450
2022-10-18,10.2,10.2,10.2,10.2,2
2022-10-19,10.2,10.2,10.2,10.2,13
2022-10-20,10.2,10.2,10.2,10.2,46124
2022-10-23,10.2,10.2,10.2,10.2,88000
2022-10-25,10.2,10.2,10.2,10.2,5004
2022-10-26,10.2,10.2,10.2,10.2,2504
2022-10-27,10.2,10.2,10.2,10.2,20292
2022-10-30,10.2,10.2,10.2,10.2,1
2022-10-31,10.2,10.2,10.2,10.2,8000
2022-11-01,10.2,10.2,10.2,10.2,116002
2022-11-02,10.2,10.2,10.2,10.2,100
2022-11-03,10.2,10.2,10.2,10.2,64
2022-11-06,10.2,10.2,10.2,10.2,704
2022-11-07,10.2,10.2,10.2,10.2,6
2022-11-08,10.2,10.2,10.2,10.2,145
2022-11-09,10.2,10.2,10.2,10.2,45
2022-11-10,10.2,10.2,10.2,10.2,18
2022-11-13,10.2,10.2,10.2,10.2,3855
2022-11-14,10.2,10.2,10.2,10.2,1
2022-11-15,10.2,10.2,10.2,10.2,7
2022-11-16,10.2,10.2,10.2,10.2,50
2022-11-17,10.2,10.2,10.2,10.2,1000
2022-11-20,10.2,10.2,10.2,10.2,7007
2022-11-21,10.2,10.2,10.2,10.2,5
2022-11-23,10.2,10.2,10.2,10.2,4800
2022-11-24,10.2,10.2,10.2,10.2,25002
2022-11-28,10.2,10.2,10.2,10.2,8
2022-12-01,10.2,10.2,10.2,10.2,3
2022-12-04,10.2,10.2,10.2,10.2,1
2022-12-05,10.2,10.2,10.2,10.2,501
2022-12-06,10.2,10.2,10.2,10.2,1
2022-12-07,10.2,10.2,10.2,10.2,1
2022-12-08,10.2,10.2,10.2,10.2,2
2022-12-11,10.2,10.2,10.2,10.2,100
2022-12-12,10.2,10.2,10.2,10.2,1
2022-12-13,10.2,10.2,10.2,10.2,1
2022-12-14,10.2,10.2,10.2,10.2,65
2022-12-18,10.2,10.2,10.2,10.2,1
2022-12-19,10.2,10.2,10.2,10.2,1
2022-12-21,10.2,10.2,10.2,10.2,103
2022-12-28,10.2,10.2,10.2,10.2,50
2022-12-29,10.2,10.2,10.2,10.2,85
2023-01-01,10.2,10.2,10.2,10.2,1
2023-01-02,10.2,10.2,10.2,10.2,2
2023-01-12,10.2,10.2,10.2,10.2,1500
2023-01-15,10.2,10.2,10.2,10.2,730
2023-01-16,10.2,10.2,10.2,10.2,1750
2023-01-17,10.2,10.2,10.2,10.2,1
2023-01-22,10.2,10.2,10.2,10.2,1
2023-01-23,10.2,10.2,10.2,10.2,1
2023-01-24,10.2,10.2,10.2,10.2,1
2023-01-25,10.2,10.2,10.2,10.2,50
2023-01-30,10.2,10.2,10.2,10.2,1
2023-02-01,10.2,10.2,10.2,10.2,3
2023-02-05,10.2,10.2,10.2,10.2,1
2023-02-12,10.2,10.2,10.2,10.2,75
2023-02-14,10.2,10.2,10.2,10.2,502
2023-02-27,10.2,10.2,10.2,10.2,425
2023-03-21,10.2,10.2,10.2,10.2,98
2023-03-28,10.2,10.2,10.2,10.2,100
2023-04-02,10.2,10.2,10.2,10.2,25
2023-04-06,10.2,10.2,10.2,10.2,1
2023-04-09,10.2,10.2,10.2,10.2,1010
2023-04-11,10.2,10.2,10.2,10.2,1
2023-04-27,10.2,10.2,10.2,10.2,1
2023-04-30,10.2,10.2,10.2,10.2,1
2023-05-03,10.2,10.2,10.2,10.2,100
2023-05-07,10.2,10.2,10.2,10.2,1
2023-05-09,10.2,10.2,10.2,10.2,107
2023-05-11,10.2,10.2,10.2,10.2,1
2023-05-15,10.2,10.2,10.2,10.2,10
2023-05-17,10.2,10.2,10.2,10.2,10
2023-05-18,10.2,10.2,10.2,10.2,23
2023-05-24,10.2,10.2,10.2,10.2,1
2023-05-28,10.2,10.2,10.2,10.2,101000
2023-05-29,10.2,10.2,10.2,10.2,50
2023-05-30,10.2,10.2,10.2,10.2,56022
2023-05-31,10.2,10.2,10.2,10.2,101
2023-06-01,10.2,10.2,10.2,10.2,10
2023-06-04,10.2,10.2,10.2,10.2,200
2023-06-05,10.2,10.2,10.2,10.2,5890
2023-06-07,10.2,10.2,10.2,10.2,50000
2023-06-08,10.2,10.2,10.2,10.2,17097
2023-06-11,10.2,10.2,10.2,10.2,500
2023-06-12,10.2,10.4,10.2,10.2,10753140
2023-06-13,10.2,10.2,10.2,10.2,747188
2023-06-14,10.2,10.2,10.2,10.2,503853
2023-06-15,10.2,10.2,10.2,10.2,355415
2023-06-18,10.2,10.2,10.2,10.2,71182
2023-06-19,10.2,10.2,10.2,10.2,13463
2023-06-20,10.2,10.2,10.2,10.2,23237
2023-06-21,10.2,10.2,10.2,10.2,2255378
2023-06-22,10.2,10.7,10.2,10.5,9985708
2023-06-25,10.7,10.8,10.6,10.7,2703419
2023-06-26,10.9,11.6,10.7,11.4,9631940
2023-07-02,11.5,11.8,11.1,11.4,4036647
2023-07-03,11.5,11.5,10.3,10.7,3419022
2023-07-04,10.6,10.9,10.2,10.2,4380775
2023-07-05,10.2,11.0,10.2,10.8,1998188
2023-07-06,11.0,11.0,10.4,10.5,1759828
2023-07-09,10.6,11.0,10.4,10.8,2925903
2023-07-10,10.8,11.3,10.5,10.9,5031261
2023-07-11,10.9,11.2,10.8,11.1,3526213
2023-07-12,11.1,12.2,11.1,12.0,13369562
2023-07-13,12.0,12.2,11.5,11.8,6237887
2023-07-16,11.9,12.1,11.3,11.4,3815283
2023-07-17,11.6,12.0,11.3,11.8,5116967
2023-07-18,11.9,12.2,11.5,11.8,6096523
2023-07-19,12.0,12.1,11.5,11.6,3182842
2023-07-20,11.7,11.9,10.8,11.6,6357945
2023-07-23,11.9,12.5,11.6,11.9,8743564
2023-07-24,12.2,12.5,11.8,11.9,2684965
2023-07-25,11.8,12.0,11.6,11.6,2749314
2023-07-26,11.6,12.0,11.2,11.4,6407216
2023-07-27,11.6,11.7,11.4,11.5,3678200
2023-07-30,11.5,11.8,11.4,11.5,2847114
2023-08-01,11.5,11.5,10.4,10.6,5076457
2023-08-02,10.8,11.3,10.7,11.2,1705170
2023-08-03,11.4,11.4,11.0,11.1,1801926
2023-08-06,11.4,11.4,10.9,11.0,1594096
2023-08-07,11.0,11.0,10.7,10.8,654274
2023-08-08,10.9,11.2,10.8,11.0,1489573
2023-08-09,11.1,11.1,10.6,10.7,995320
2023-08-10,10.7,10.7,10.2,10.4,2569082
2023-08-13,10.8,10.8,10.2,10.3,1359949
2023-08-14,10.3,10.3,10.2,10.2,1145355
2023-08-16,10.2,10.2,10.2,10.2,45282
2023-08-17,10.2,10.4,10.2,10.2,1894621
2023-08-20,10.2,10.2,10.2,10.2,491572
2023-08-21,10.2,10.2,10.2,10.2,675053
2023-08-22,10.2,10.2,10.2,10.2,188011
2023-08-23,10.2,10.2,10.2,10.2,153307
2023-08-24,10.2,10.2,10.2,10.2,635746
2023-08-27,10.2,10.2,10.2,10.2,48931
2023-08-28,10.2,10.2,10.2,10.2,669467
2023-08-29,10.2,10.2,10.2,10.2,35013
2023-08-30,10.2,10.2,10.2,10.2,10421
2023-08-31,10.2,10.2,10.2,10.2,20417
2023-09-03,10.2,10.2,10.2,10.2,471297
2023-09-04,10.2,10.5,10.2,10.3,2083706
2023-09-05,10.3,11.2,10.3,11.1,5814358
2023-09-07,11.4,11.5,10.7,10.9,3802187
2023-09-10,10.5,10.8,10.3,10.4,1602638
2023-09-11,10.3,10.4,10.2,10.2,3023815
2023-09-12,10.2,10.6,10.2,10.5,1095241
2023-09-13,10.5,10.6,10.4,10.5,1335283
2023-09-14,10.5,10.6,10.2,10.3,1755473
2023-09-17,10.3,10.3,10.2,10.2,881816
2023-09-18,10.2,10.2,10.2,10.2,197764
2023-09-19,10.2,10.2,10.2,10.2,136105
2023-09-20,10.2,10.2,10.2,10.2,128677
2023-09-21,10.2,10.2,10.2,10.2,35197
2023-09-24,10.2,10.2,10.2,10.2,12800
2023-09-25,10.2,10.2,10.2,10.2,720
2023-09-26,10.2,10.2,10.2,10.2,4415
2023-09-27,10.2,10.2,10.2,10.2,2005
2023-10-01,10.2,10.2,10.2,10.2,11617
2023-10-02,10.2,10.2,10.2,10.2,34000
2023-10-03,10.2,10.2,10.2,10.2,5
2023-10-04,10.2,10.2,10.2,10.2,20319
2023-10-05,10.2,10.2,10.2,10.2,7
2023-10-08,10.2,10.2,10.2,10.2,830
2023-10-10,10.2,10.2,10.2,10.2,171
2023-10-11,10.2,10.2,10.2,10.2,2090
2023-10-12,10.2,10.2,10.2,10.2,15956
2023-10-15,10.2,10.2,10.2,10.2,12
2023-10-16,10.2,10.2,10.2,10.2,5510
2023-10-17,10.2,10.2,10.2,10.2,338771
2023-10-18,10.2,10.2,10.2,10.2,375495
2023-10-19,10.2,10.5,10.2,10.4,3752564
2023-10-22,10.4,11.2,10.2,10.3,10551852
2023-10-23,10.4,10.5,10.2,10.2,2825433
2023-10-25,10.2,10.4,10.2,10.2,2696459
2023-10-26,10.2,10.3,10.2,10.2,367785
2023-10-29,10.2,10.2,10.2,10.2,172850
2023-10-30,10.2,10.2,10.2,10.2,290
2023-10-31,10.2,10.2,10.2,10.2,3122
2023-11-01,10.2,10.2,10.2,10.2,1147
2023-11-02,10.2,10.2,10.2,10.2,49589
2023-11-05,10.2,10.2,10.2,10.2,37137
2023-11-06,10.2,10.2,10.2,10.2,244131
2023-11-07,10.2,10.2,10.2,10.2,351
2023-11-08,10.2,10.2,10.2,10.2,7865
2023-11-09,10.2,10.2,10.2,10.2,31627
2023-11-12,10.2,10.2,10.2,10.2,138978
2023-11-13,10.2,10.2,10.2,10.2,5746
2023-11-14,10.2,10.2,10.2,10.2,6041
2023-11-15,10.2,10.2,10.2,10.2,7286
2023-11-16,10.2,10.2,10.2,10.2,36875
2023-11-19,10.2,10.2,10.2,10.2,78629
2023-11-20,10.2,11.2,10.2,10.2,48587871
2023-11-21,10.2,10.5,10.2,10.2,8341081
2023-11-22,10.2,10.2,10.2,10.2,1222683
2023-11-23,10.2,10.2,10.2,10.2,303747
2023-11-26,10.2,10.2,10.2,10.2,467628
2023-11-27,10.2,10.2,10.2,10.2,104694
2023-11-28,10.2,10.2,10.2,10.2,26671
2023-11-29,10.2,10.2,10.2,10.2,215923
2023-11-30,10.2,10.2,10.2,10.2,3150
2023-12-03,10.2,10.2,10.2,10.2,15664
2023-12-04,10.2,10.2,10.2,10.2,28079
2023-12-05,10.2,10.2,10.2,10.2,4568
2023-12-07,10.2,10.2,10.2,10.2,41000
2023-12-10,10.2,10.2,10.2,10.2,24829
2023-12-11,10.2,10.2,10.2,10.2,22051
2023-12-12,10.2,10.2,10.2,10.2,10200
2023-12-13,10.2,10.2,10.2,10.2,33461
2023-12-14,10.2,10.2,10.2,10.2,20830
2023-12-17,10.2,10.2,10.2,10.2,147570
2023-12-18,10.2,10.2,10.2,10.2,1369742
2023-12-19,10.2,10.2,10.2,10.2,144232
2023-12-20,10.2,10.2,10.2,10.2,10668
2023-12-21,10.2,10.2,10.2,10.2,1006
2023-12-24,10.2,10.2,10.2,10.2,1253
2023-12-26,10.2,10.2,10.2,10.2,6994
2023-12-27,10.2,10.2,10.2,10.2,1011
2023-12-28,10.2,10.2,10.2,10.2,15501
2024-01-01,10.2,10.2,10.2,10.2,1492
2024-01-02,10.2,10.2,10.2,10.2,1726
2024-01-03,10.2,10.2,10.2,10.2,38
2024-01-04,10.2,10.2,10.2,10.2,5
2024-01-08,10.2,10.2,10.2,10.2,20
2024-01-09,10.2,10.2,10.2,10.2,9
2024-01-10,10.2,10.2,10.2,10.2,1002
2024-01-11,10.2,10.2,10.2,10.2,4082
2024-01-14,10.2,10.2,10.2,10.2,400
2024-01-15,10.2,10.2,10.2,10.2,3
2024-01-16,10.2,10.2,10.2,10.2,1400
2024-01-17,10.2,10.2,10.2,10.2,1023
2024-01-18,10.2,10.2,10.2,10.2,52
2024-01-21,9.2,9.2,9.2,9.2,15120
2024-01-22,8.3,8.8,8.3,8.4,16731566
2024-01-23,8.4,8.9,8.3,8.4,4556588
2024-01-24,8.4,8.6,7.6,7.8,5995209
2024-01-25,7.8,8.2,7.6,7.7,3810277
2024-01-28,7.8,8.0,7.2,7.2,3201818
2024-01-29,7.3,7.5,7.1,7.3,2310533
2024-01-30,7.5,7.9,7.3,7.6,3770690
2024-01-31,7.6,7.7,7.2,7.3,2488080
2024-02-01,7.4,7.9,7.3,7.8,3761793
2024-02-04,7.8,8.3,7.8,8.1,5911744
2024-02-05,8.3,8.5,7.9,8.1,5468521
2024-02-06,8.1,8.2,7.9,7.9,4932166
2024-02-07,8.0,8.6,8.0,8.6,6802299
2024-02-08,9.0,9.4,8.9,9.2,11738954
2024-02-11,9.3,9.7,9.0,9.4,7798760
2024-02-12,9.4,9.6,8.9,9.0,7242191
2024-02-13,9.2,9.8,9.1,9.2,11835026
2024-02-14,9.4,9.4,8.8,8.9,4654602
2024-02-15,9.1,9.2,8.7,8.7,3707276
2024-02-18,8.7,9.0,8.5,8.6,2038810
2024-02-19,8.6,8.8,8.3,8.4,1929059
2024-02-20,8.6,8.9,8.4,8.7,2787479
2024-02-22,8.8,9.2,8.8,9.0,4057688
2024-02-25,9.1,9.3,8.7,8.8,2906525
2024-02-27,8.9,9.0,8.6,8.7,2132563
2024-02-28,8.8,8.9,8.5,8.5,2753869
2024-02-29,8.7,8.8,8.5,8.7,1412123
2024-03-03,8.7,8.8,8.5,8.5,3012477
2024-03-04,8.5,8.6,8.4,8.5,1445189
2024-03-05,8.7,8.7,8.3,8.3,2167138
2024-03-06,8.4,8.6,8.4,8.4,1167286
2024-03-07,8.5,8.5,8.1,8.2,1725741
2024-03-10,8.2,8.4,8.0,8.1,1147820
2024-03-11,8.2,8.3,8.1,8.2,1097509
2024-03-12,8.2,8.3,7.9,8.0,1438164
2024-03-13,8.0,8.2,7.9,8.0,1187840
2024-03-14,8.1,8.2,8.0,8.0,727524
2024-03-18,8.1,8.1,7.7,7.8,1108819
2024-03-19,7.8,7.8,7.6,7.7,607232
2024-03-20,7.7,7.9,7.7,7.9,1177417
2024-03-21,8.0,8.0,7.9,7.9,940973
2024-03-24,8.0,8.1,7.6,7.7,1765390
2024-03-25,7.7,7.7,7.4,7.4,920607
2024-03-27,7.6,7.6,6.9,7.0,1914897
2024-03-28,7.1,7.2,6.9,7.1,825767
2024-03-31,7.2,7.4,7.1,7.3,672022
2024-04-01,7.4,7.4,6.9,7.0,1134651
2024-04-02,7.0,7.0,6.8,6.8,665116
2024-04-03,7.0,7.1,6.8,7.0,671749
2024-04-04,7.0,7.7,6.9,7.7,3565103
2024-04-08,7.9,8.2,7.8,8.1,1847268
2024-04-09,8.1,8.2,7.8,7.9,1880079
2024-04-15,7.9,8.0,7.5,7.6,1511558
2024-04-16,7.7,7.9,7.4,7.8,982669
2024-04-17,8.0,8.0,7.6,7.6,1274029
2024-04-18,7.6,7.7,7.3,7.3,1645705
2024-04-21,7.4,7.5,7.2,7.3,1109693
2024-04-22,7.4,7.6,7.3,7.3,930166
2024-04-23,7.4,7.5,7.1,7.2,847723
2024-04-24,7.3,7.3,7.1,7.1,1094545
2024-04-25,7.1,7.1,6.9,6.9,1753240
2024-04-28,6.9,7.4,6.8,7.3,1185330
2024-04-29,7.5,8.0,7.5,7.8,5745225
2024-04-30,7.8,8.2,7.6,7.7,3311829
2024-05-02,7.7,8.0,7.6,7.7,2205164
2024-05-05,7.8,7.9,7.6,7.6,2472746
2024-05-06,7.6,7.9,7.5,7.8,3254882
2024-05-07,7.9,8.4,7.9,8.2,14341567
2024-05-08,8.2,8.3,8.0,8.0,4091782
2024-05-09,7.9,8.1,7.8,7.8,4388612
2024-05-12,8.0,8.0,7.7,7.8,3029458
2024-05-13,7.9,7.9,7.6,7.7,2205917
2024-05-14,7.7,7.7,7.5,7.5,2424433
2024-05-15,7.4,7.5,7.3,7.3,3243963
2024-05-16,7.4,7.5,7.1,7.3,1289386
2024-05-19,7.3,7.3,7.1,7.1,1241204
2024-05-20,7.0,7.2,6.9,7.1,1502087
2024-05-21,7.2,7.4,7.0,7.0,1385016
2024-05-23,7.0,7.0,6.8,6.9,979525
2024-05-26,6.9,6.9,6.7,6.9,1323754
2024-05-27,7.0,7.5,6.9,7.4,2049598
2024-05-28,7.5,7.6,7.2,7.2,1238604
2024-05-29,7.0,7.2,7.0,7.0,1201012
2024-05-30,7.0,7.2,6.9,7.1,935713
2024-06-02,7.1,7.3,7.0,7.0,1323113
2024-06-03,7.0,7.2,6.9,7.1,1122496
2024-06-04,7.2,7.3,7.0,7.1,1139431
2024-06-05,7.2,7.3,7.0,7.0,1698497
2024-06-06,7.7,7.7,7.1,7.5,5453094
2024-06-09,7.5,7.5,7.3,7.3,1166911
2024-06-10,7.1,7.2,7.1,7.1,1218265
2024-06-11,7.2,7.2,6.9,7.1,1180637
2024-06-12,7.2,7.3,7.0,7.1,822341
2024-06-13,7.1,7.1,7.0,7.0,853488
2024-06-19,7.1,7.1,6.9,7.0,548890
2024-06-20,7.1,7.2,7.0,7.1,911303
2024-06-23,7.2,7.2,6.9,7.0,1800636
2024-06-24,7.0,7.2,6.8,7.1,2638798
2024-06-25,7.1,7.3,6.9,7.0,1659702
2024-06-26,7.0,7.0,6.8,6.9,2297940
2024-06-27,7.0,7.1,6.9,7.0,2110471
2024-06-30,6.9,7.0,6.8,6.9,2115955
2024-07-02,6.9,7.0,6.8,6.9,1388541
2024-07-03,7.0,7.2,6.9,7.1,2559100
2024-07-04,7.2,7.3,7.1,7.3,2817507
2024-07-07,7.4,7.4,7.1,7.3,2817119
2024-07-08,7.3,7.5,7.2,7.4,3198344
2024-07-09,7.5,7.8,7.4,7.6,4762668
2024-07-10,7.7,7.7,7.4,7.4,3203416
2024-07-11,7.4,7.4,7.2,7.2,1929820
2024-07-14,7.2,7.2,7.0,7.0,2072433
2024-07-15,6.9,7.1,6.9,7.0,1266788
2024-07-16,7.0,7.1,6.9,7.0,856787
2024-07-18,6.9,7.0,6.9,6.9,2087268
2024-07-24,6.9,6.9,6.7,6.7,747419
2024-07-25,6.7,7.0,6.7,6.9,757899
2024-07-28,7.0,7.0,6.8,6.8,1020669
2024-07-29,6.8,6.9,6.6,6.7,1520835
2024-07-30,6.7,6.7,6.5,6.5,1554078
2024-07-31,6.5,6.7,6.5,6.6,914964
2024-08-01,6.6,6.8,6.6,6.7,1085719
2024-08-04,6.5,6.8,6.5,6.5,421502
2024-08-06,6.4,7.1,6.4,7.1,2390011
2024-08-07,7.3,7.4,6.9,6.9,1806950
2024-08-08,6.7,7.5,6.7,7.4,6040316
2024-08-11,7.6,7.9,7.2,7.6,7228160
2024-08-12,7.6,7.7,7.4,7.4,2922128
2024-08-13,7.2,7.6,7.2,7.4,4141714
2024-08-14,7.5,7.6,7.2,7.2,2515884
2024-08-15,7.2,7.3,7.0,7.1,1943229
2024-08-18,7.1,7.1,6.9,6.9,985928
2024-08-19,6.9,7.1,6.8,6.8,1368484
2024-08-20,6.9,7.0,6.8,6.8,1003152
2024-08-21,6.8,6.8,6.6,6.6,1179928
2024-08-22,6.5,6.8,6.5,6.7,1352703
2024-08-25,6.9,6.9,6.6,6.6,1095778
2024-08-27,6.6,6.9,6.6,6.8,1296033
2024-08-28,6.9,6.9,6.7,6.8,575274
2024-08-29,6.7,7.0,6.6,6.9,1853997
2024-09-01,7.0,7.1,6.9,6.9,2305443
2024-09-02,6.9,7.0,6.7,6.7,1498375
2024-09-03,6.8,6.9,6.7,6.7,1393740
2024-09-04,6.8,6.8,6.6,6.6,1206252
2024-09-05,6.7,6.8,6.5,6.6,901077
2024-09-08,6.7,6.7,6.5,6.5,963576
2024-09-09,6.6,6.6,6.3,6.4,1494954
2024-09-10,6.4,6.5,6.3,6.4,709830
2024-09-11,6.5,6.6,6.4,6.4,1283352
2024-09-12,6.4,6.6,6.4,6.5,1831025
2024-09-15,6.5,6.6,6.4,6.5,1165681
2024-09-17,6.5,6.6,6.4,6.4,1302002
2024-09-18,6.4,6.5,6.3,6.4,1038730
2024-09-19,6.4,6.5,6.3,6.3,959583
2024-09-22,6.3,6.5,6.3,6.3,1326043
2024-09-23,6.3,6.4,6.2,6.2,879598
2024-09-24,6.2,6.3,6.0,6.1,1717766
2024-09-25,6.1,6.2,5.5,5.5,2615535
2024-09-26,5.4,5.4,5.0,5.4,1068141
2024-09-29,5.3,5.5,5.3,5.3,593253
2024-09-30,5.3,5.4,5.2,5.2,690835
2024-10-01,5.3,5.3,5.0,5.1,1128468
2024-10-02,5.1,5.1,4.7,4.8,1585657
2024-10-03,4.8,5.0,4.7,4.8,2644550
2024-10-06,4.9,5.2,4.8,5.1,2498629
2024-10-07,5.0,5.1,4.9,4.9,1252186
2024-10-08,4.9,5.0,4.9,4.9,778106
2024-10-09,4.9,5.1,4.8,5.0,1538754
2024-10-14,5.0,5.2,5.0,5.1,1466559
2024-10-15,5.1,5.2,4.9,5.0,1853162
2024-10-16,5.0,5.0,4.8,4.8,1245049
2024-10-17,4.8,4.9,4.7,4.8,923873
2024-10-20,4.9,4.9,4.6,4.6,813855
2024-10-21,4.7,4.7,4.4,4.5,1496080
2024-10-22,4.6,4.8,4.5,4.7,1104453
2024-10-23,4.8,4.8,4.5,4.6,745937
2024-10-24,4.6,4.6,4.5,4.5,689081
2024-10-27,4.5,4.6,4.1,4.1,1850695
2024-10-28,4.1,4.1,3.8,3.9,1126377
2024-10-29,3.8,4.0,3.7,4.0,1822968
2024-10-30,4.1,4.4,4.0,4.4,1338408
2024-10-31,4.8,4.8,4.5,4.8,4340401
2024-11-03,4.9,5.1,4.8,4.9,3506922
2024-11-04,5.0,5.0,4.5,4.9,2803792
2024-11-05,5.0,5.2,4.9,5.1,3403512
2024-11-06,5.1,5.1,4.9,4.9,2076026
2024-11-07,4.9,4.9,4.7,4.7,1873539
2024-11-10,4.8,4.8,4.6,4.6,1040374
2024-11-11,4.7,4.9,4.7,4.8,1120420
2024-11-12,4.9,4.9,4.6,4.7,1183694
2024-11-13,4.7,4.8,4.6,4.7,324378
2024-11-14,4.7,4.9,4.7,4.7,994162
2024-11-17,4.7,4.9,4.7,4.7,625466
2024-11-18,4.8,5.1,4.8,5.1,3624743
2024-11-19,5.4,5.4,4.9,4.9,2162102
2024-11-20,4.9,5.0,4.9,4.9,2015674
2024-11-21,5.0,5.2,5.0,5.1,3542383
2024-11-24,5.1,5.2,4.9,5.0,1928533
2024-11-25,5.0,5.1,4.9,4.9,1652513
2024-11-26,4.9,5.0,4.9,4.9,949051
2024-11-27,4.9,5.0,4.8,5.0,1491907
2024-11-28,5.1,5.1,4.9,4.9,1780057
2024-12-01,4.9,5.0,4.9,5.0,1179003
2024-12-02,5.0,5.5,5.0,5.5,5818964
2024-12-03,5.7,5.9,5.6,5.7,9112283
2024-12-04,5.7,5.7,5.3,5.4,4671672
2024-12-05,5.4,5.4,5.1,5.2,2753289
2024-12-08,5.1,5.3,5.0,5.2,2216629
2024-12-09,5.3,5.6,5.3,5.5,3875491
2024-12-10,5.5,5.5,5.3,5.4,2892044
2024-12-11,5.4,5.5,5.2,5.3,2351558
2024-12-12,5.3,5.4,5.2,5.2,1027690
2024-12-15,5.2,5.4,5.2,5.3,1734740
2024-12-17,5.3,5.4,5.2,5.2,835861
2024-12-18,5.3,5.3,5.1,5.1,2040269
2024-12-19,5.1,5.2,5.0,5.1,1615473
2024-12-22,5.1,5.2,4.9,5.0,1030624
2024-12-23,5.0,5.1,4.9,5.0,1238468
2024-12-24,5.0,5.1,4.9,4.9,940873
2024-12-26,5.0,5.0,4.9,5.0,597641
2024-12-29,5.0,5.1,4.9,4.9,1070850
2024-12-30,4.9,5.0,4.8,4.8,1458926
2025-01-01,4.9,5.0,4.8,4.9,672959
2025-01-02,4.9,4.9,4.8,4.9,514883
2025-01-05,4.9,4.9,4.6,4.7,674455
2025-01-06,4.8,4.9,4.7,4.8,834371
2025-01-07,4.8,5.0,4.8,4.9,1262253
2025-01-08,5.0,5.0,4.8,4.9,1216067
2025-01-09,4.9,5.0,4.8,4.9,716247
2025-01-12,4.9,5.0,4.6,4.8,1622239
2025-01-13,4.8,4.8,4.6,4.6,1035098
2025-01-14,4.7,4.9,4.7,4.7,1660816
2025-01-15,4.8,4.9,4.7,4.8,1366377
2025-01-16,4.8,4.8,4.5,4.6,3271387
2025-01-19,4.6,4.6,4.4,4.4,1403124
2025-01-20,4.4,4.5,4.3,4.4,748884
2025-01-21,4.5,4.5,4.4,4.4,709305
2025-01-22,4.5,4.7,4.2,4.2,1050518
2025-01-23,4.3,4.4,4.2,4.2,330492
2025-01-26,4.1,4.2,4.1,4.1,315948
2025-01-27,4.1,4.2,4.1,4.2,87291
2025-01-28,4.2,4.6,4.2,4.5,2492685
2025-01-29,4.5,4.6,4.3,4.3,444304
2025-01-30,4.4,4.4,4.2,4.2,189577
2025-02-02,4.3,4.5,4.3,4.4,688310
2025-02-03,4.5,4.6,4.3,4.4,537218
2025-02-04,4.4,4.5,4.2,4.3,324768
2025-02-05,4.4,4.6,4.3,4.5,1406942
2025-02-06,4.6,4.7,4.5,4.5,1361273
2025-02-09,4.6,4.7,4.4,4.4,417679
2025-02-10,4.5,4.5,4.3,4.3,376429
2025-02-11,4.4,4.4,4.2,4.3,834536
2025-02-12,4.4,4.5,4.3,4.5,324744
2025-02-13,4.6,4.8,4.5,4.6,1914572
2025-02-16,4.6,4.8,4.5,4.6,1002514
2025-02-17,4.6,4.7,4.5,4.5,295589
2025-02-18,4.5,4.6,4.4,4.5,648964
2025-02-19,4.5,4.5,4.4,4.4,336126
2025-02-20,4.4,4.6,4.4,4.5,939042
2025-02-23,4.6,4.6,4.4,4.4,545252
2025-02-24,4.5,4.6,4.4,4.6,827053
2025-02-25,4.6,4.7,4.5,4.6,793524
2025-02-26,4.6,4.6,4.4,4.5,970443
2025-02-27,4.5,4.6,4.4,4.4,335498
2025-03-02,4.5,4.6,4.4,4.5,410235
2025-03-03,4.6,4.6,4.4,4.4,159577
2025-03-04,4.5,4.5,4.4,4.4,652094
2025-03-05,4.5,4.5,4.3,4.3,339779
2025-03-06,4.4,4.5,4.3,4.4,389992
2025-03-09,4.4,4.4,4.3,4.3,225688
2025-03-10,4.4,4.4,4.3,4.3,275091
2025-03-11,4.4,4.4,4.3,4.3,106380
2025-03-12,4.3,4.4,4.1,4.2,969581
2025-03-13,4.3,4.4,4.2,4.2,345680
2025-03-16,4.3,4.3,4.1,4.2,215012
2025-03-17,4.2,4.3,4.1,4.2,292479
2025-03-18,4.1,4.3,4.1,4.1,273535
2025-03-19,4.2,4.2,4.1,4.1,366602
2025-03-20,4.2,4.2,4.1,4.1,461163
2025-03-23,4.2,4.2,4.0,4.0,470527
2025-03-24,4.1,4.1,4.0,4.0,160500
2025-03-25,4.1,4.1,4.0,4.1,236936
2025-03-27,4.1,4.2,4.0,4.1,162086
2025-04-06,3.9,4.0,3.8,4.0,698207
2025-04-07,4.0,4.0,3.9,3.9,138423
2025-04-08,3.9,4.0,3.8,3.8,405970
2025-04-09,3.9,3.9,3.8,3.9,347550
2025-04-10,3.9,4.1,3.9,3.9,250016
2025-04-13,3.9,3.9,3.8,3.8,96324
2025-04-15,3.8,3.9,3.8,3.8,232832
2025-04-16,3.8,3.9,3.7,3.8,78075
2025-04-17,3.8,3.9,3.8,3.8,153758
2025-04-20,3.8,3.8,3.7,3.7,263350
2025-04-21,3.7,3.7,3.5,3.5,566511
2025-04-22,3.6,3.6,3.3,3.3,775187
2025-04-23,3.3,3.4,3.3,3.4,288997
2025-04-24,3.4,3.5,3.3,3.4,230968
2025-04-27,3.3,3.5,3.3,3.4,277270
2025-04-28,3.4,3.4,3.3,3.3,109405
2025-04-29,3.3,3.4,3.3,3.4,73296
2025-04-30,3.4,3.4,3.3,3.3,214655
2025-05-04,3.3,3.5,3.3,3.4,272496
2025-05-05,3.5,3.6,3.4,3.6,149466
2025-05-06,3.5,3.6,3.4,3.5,399827
2025-05-07,3.5,3.5,3.2,3.2,558010
2025-05-08,3.4,3.4,3.3,3.4,174847
2025-05-12,3.5,3.6,3.4,3.4,211712
2025-05-13,3.5,3.5,3.2,3.3,645321
2025-05-14,3.3,3.3,3.1,3.2,528126
2025-05-15,3.3,3.3,3.1,3.1,288106
2025-05-17,3.1,3.2,3.1,3.2,156599
2025-05-18,3.2,3.3,3.1,3.2,248534
2025-05-19,3.3,3.4,3.2,3.3,693959
2025-05-20,3.3,3.4,3.2,3.3,507286
2025-05-21,3.3,3.4,3.2,3.3,262664
2025-05-22,3.3,3.4,3.2,3.3,211557
2025-05-24,3.3,3.4,3.2,3.2,57116
2025-05-25,3.3,3.3,3.2,3.2,153000
2025-05-26,3.3,3.3,3.1,3.2,334417
2025-05-27,3.2,3.4,3.2,3.2,488162
2025-05-28,3.5,3.5,3.2,3.3,1226429
2025-05-29,3.4,3.4,3.2,3.3,216979
2025-06-01,3.3,3.4,3.2,3.2,143927
2025-06-02,3.3,3.4,3.2,3.3,402719
2025-06-03,3.3,3.4,3.2,3.2,369330
2025-06-04,3.3,3.3,3.2,3.3,251150
2025-06-15,3.3,3.4,3.2,3.3,489290
2025-06-16,3.3,3.4,3.2,3.3,423506
2025-06-17,3.3,3.4,3.2,3.2,247380
2025-06-18,3.3,3.3,3.2,3.2,351288
2025-06-19,3.3,3.3,3.1,3.2,380047
2025-06-22,3.1,3.2,3.0,3.1,353134
2025-06-23,3.1,3.2,3.0,3.0,231684
2025-06-24,3.1,3.2,3.0,3.1,227644
2025-06-25,3.1,3.2,3.1,3.1,180028
2025-06-26,3.2,3.2,3.0,3.1,492363
2025-06-29,3.2,3.2,3.1,3.2,225028
2025-06-30,3.2,3.2,3.1,3.1,36851
2025-07-02,3.1,3.2,3.1,3.2,228168
2025-07-03,3.2,3.2,3.1,3.1,348835
2025-07-07,3.1,3.3,3.1,3.3,527208
2025-07-08,3.2,3.3,3.1,3.2,368286
2025-07-09,3.2,3.3,3.1,3.2,470531
2025-07-10,3.2,3.3,3.2,3.2,748980
2025-07-13,3.3,3.3,3.2,3.2,244595
2025-07-14,3.2,3.3,3.1,3.2,623170
2025-07-15,3.2,3.3,3.2,3.2,118504
2025-07-16,3.2,3.3,3.2,3.2,187761
2025-07-17,3.3,3.3,3.2,3.3,1515256
2025-07-20,3.4,3.5,3.3,3.3,419847
2025-07-21,3.3,3.4,3.3,3.4,466663
2025-07-22,3.3,3.4,3.3,3.3,114592
2025-07-23,3.4,3.4,3.2,3.3,267457
2025-07-24,3.3,3.4,3.2,3.3,320160
2025-07-27,3.3,3.3,3.2,3.2,193970
2025-07-28,3.3,3.3,3.2,3.2,440129
2025-07-29,3.2,3.4,3.2,3.2,753039
2025-07-30,3.2,3.4,3.2,3.3,316138
2025-07-31,3.3,3.4,3.2,3.3,670003
2025-08-03,3.4,3.5,3.2,3.4,842554
2025-08-04,3.4,3.4,3.2,3.2,463858
2025-08-06,3.3,3.3,3.2,3.3,177064
2025-08-07,3.3,3.3,3.2,3.2,270075
2025-08-10,3.2,3.3,3.2,3.2,550369
2025-08-11,3.3,3.3,3.1,3.2,525717
2025-08-12,3.2,3.3,3.1,3.2,467609
2025-08-13,3.2,3.3,3.1,3.1,458745
2025-08-14,3.1,3.2,3.1,3.1,156539
2025-08-17,3.2,3.2,3.1,3.1,240038
2025-08-18,3.1,3.2,3.1,3.1,491459
2025-08-19,3.2,3.2,3.1,3.1,277195
2025-08-20,3.1,3.2,3.1,3.1,382372
2025-08-21,3.2,3.2,3.0,3.0,508440
2025-08-24,3.0,3.0,2.7,2.8,1674752
2025-08-25,2.8,2.9,2.7,2.7,674193
2025-08-26,2.7,2.8,2.6,2.6,1258282
2025-08-27,2.6,2.8,2.6,2.8,871180
2025-08-28,2.9,3.0,2.9,3.0,1396211
2025-08-31,3.1,3.2,3.1,3.1,989375
2025-09-01,3.2,3.2,3.0,3.0,712890
2025-09-02,3.1,3.1,3.0,3.1,627713
2025-09-03,3.1,3.1,3.0,3.0,759462
2025-09-04,3.0,3.1,2.9,2.9,653839
2025-09-07,3.0,3.1,2.9,3.1,889922
2025-09-08,3.1,3.2,3.0,3.1,719005
2025-09-09,3.1,3.4,3.1,3.3,2679738
2025-09-10,3.3,3.4,3.1,3.2,896594
2025-09-11,3.2,3.3,3.1,3.2,441798
2025-09-14,3.2,3.3,3.0,3.1,406695
2025-09-15,3.1,3.2,3.0,3.0,301716
2025-09-16,3.1,3.1,3.0,3.0,168332
2025-09-17,3.0,3.1,2.9,3.0,384341
2025-09-18,3.1,3.2,3.0,3.1,500257
2025-09-21,3.1,3.2,3.1,3.1,659119
2025-09-22,3.1,3.1,3.0,3.0,477334
2025-09-23,3.0,3.1,3.0,3.0,334283
2025-09-24,3.0,3.1,2.9,3.0,314621
2025-09-25,3.0,3.1,3.0,3.0,83427
2025-09-28,3.0,3.1,2.9,3.0,423938
2025-09-29,3.0,3.0,2.9,3.0,69316
2025-09-30,3.0,3.0,2.9,2.9,327266
2025-10-05,3.0,3.0,2.9,2.9,614144
2025-10-06,2.9,3.0,2.9,2.9,76089
2025-10-07,3.0,3.0,2.8,2.8,299308
2025-10-08,2.8,3.0,2.8,2.9,283417
2025-10-09,2.8,3.0,2.8,2.8,372728
2025-10-12,2.8,2.9,2.8,2.9,581577
2025-10-13,2.9,2.9,2.8,2.9,278599
2025-10-14,2.9,3.0,2.8,2.8,265923
2025-10-15,2.8,2.9,2.7,2.8,501559
2025-10-16,2.8,2.9,2.7,2.8,180257
2025-10-19,2.8,2.8,2.6,2.7,449171
2025-10-20,2.8,2.8,2.7,2.7,147260
2025-10-21,2.8,2.9,2.8,2.8,114197
2025-10-22,2.8,2.9,2.7,2.8,191148
2025-10-23,2.8,2.9,2.7,2.8,224518
2025-10-26,2.8,2.9,2.7,2.7,99276
2025-10-27,2.8,2.8,2.7,2.7,140266
2025-10-28,2.7,2.8,2.6,2.6,347052
2025-10-29,2.6,2.7,2.6,2.6,155795
2025-10-30,2.7,2.7,2.6,2.7,125154
2025-11-02,2.7,2.8,2.6,2.6,232790
2025-11-03,2.6,2.7,2.6,2.6,148338
2025-11-04,2.6,2.7,2.6,2.6,96560
2025-11-05,2.6,2.7,2.5,2.5,126395
2025-11-06,2.6,2.6,2.3,2.3,460948
2025-11-09,2.4,2.4,2.1,2.1,214503
2025-11-10,2.0,2.0,1.9,1.9,387197
2025-11-11,1.9,2.0,1.8,1.8,126172
2025-11-12,1.8,1.9,1.8,1.9,203888
2025-11-13,1.9,2.0,1.8,1.8,511233
2025-11-16,1.9,1.9,1.7,1.7,261881
2025-11-17,1.8,1.8,1.7,1.8,144304
2025-11-18,1.9,1.9,1.9,1.9,152550
2025-11-19,2.0,2.0,2.0,2.0,104003
2025-11-20,2.2,2.2,2.2,2.2,124459
2025-11-23,2.3,2.4,2.1,2.4,556921
2025-11-24,2.6,2.6,2.5,2.6,611424
2025-11-25,2.8,2.8,2.6,2.8,1399532
2025-11-26,2.8,2.8,2.6,2.6,363976
2025-11-27,2.6,2.6,2.5,2.6,216055
2025-11-30,2.6,2.6,2.4,2.5,144623
2025-12-01,2.5,2.5,2.3,2.3,402833
2025-12-02,2.4,2.4,2.1,2.3,559999
2025-12-03,2.3,2.5,2.3,2.3,786906
2025-12-04,2.3,2.3,2.2,2.2,288552
2025-12-07,2.2,2.3,2.2,2.3,63833
2025-12-08,2.3,2.4,2.3,2.3,189644
2025-12-09,2.4,2.4,2.3,2.3,283282
2025-12-10,2.4,2.5,2.3,2.4,180440
2025-12-11,2.3,2.5,2.3,2.4,322260
2025-12-14,2.5,2.5,2.3,2.4,134139
2025-12-15,2.4,2.4,2.2,2.3,227649
2025-12-17,2.4,2.4,2.2,2.2,93456
2025-12-18,2.2,2.3,2.2,2.3,57306
2025-12-21,2.2,2.3,2.2,2.2,114060
2025-12-22,2.3,2.3,2.2,2.3,59945
2025-12-23,2.3,2.4,2.2,2.2,143296
2025-12-24,2.3,2.4,2.2,2.3,142589
2025-12-28,2.4,2.5,2.3,2.4,129239
2025-12-29,2.4,2.4,2.3,2.4,43187
2025-12-30,2.4,2.5,2.3,2.4,295970
2026-01-01,2.4,2.5,2.4,2.4,504416
2026-01-04,2.4,2.5,2.3,2.4,260165
2026-01-05,2.5,2.5,2.3,2.3,193511
2026-01-06,2.3,2.4,2.2,2.3,382012
2026-01-07,2.4,2.4,2.2,2.2,375969
2026-01-08,2.2,2.3,2.2,2.2,259818
2026-01-11,2.3,2.3,2.2,2.2,78148
2026-01-12,2.3,2.3,2.1,2.2,143743
2026-01-13,2.2,2.3,2.2,2.2,54502
2026-01-14,2.2,2.2,2.1,2.2,128807
2026-01-15,2.2,2.2,2.1,2.2,81350
2026-01-18,2.2,2.3,2.1,2.2,130784
2026-01-19,2.3,2.3,2.2,2.3,187572
2026-01-20,2.3,2.4,2.2,2.2,106932
2026-01-21,2.2,2.3,2.2,2.2,78805
2026-01-22,2.2,2.3,2.1,2.2,155026
2026-01-25,2.3,2.3,2.1,2.1,215663
2026-01-26,2.2,2.3,2.1,2.1,74829
2026-01-27,2.1,2.2,2.0,2.2,238227
2026-01-28,2.2,2.2,2.1,2.1,53415
2026-01-29,2.1,2.3,2.1,2.1,523381
2026-02-01,2.2,2.2,2.1,2.2,123855
2026-02-02,2.1,2.3,2.1,2.2,122971
2026-02-03,2.3,2.3,2.2,2.2,226922
2026-02-05,2.3,2.3,2.2,2.2,163307
2026-02-08,2.2,2.3,2.1,2.2,116940
2026-02-09,2.3,2.4,2.2,2.4,815442
2026-02-10,2.6,2.6,2.5,2.6,528994
2026-02-15,2.8,2.8,2.8,2.8,97433
2026-02-16,3.0,3.0,3.0,3.0,209533
2026-02-17,3.3,3.3,2.9,2.9,2574449
2026-02-18,2.9,3.0,2.8,2.8,409409
2026-02-19,2.8,2.9,2.7,2.7,247409
2026-02-22,2.8,2.9,2.7,2.8,318469
2026-02-23,3.0,3.0,2.8,2.9,1182268
2026-02-24,2.9,3.0,2.9,2.9,718465
2026-02-25,3.0,3.0,2.8,2.9,576069
2026-02-26,2.9,3.0,2.8,2.9,1117364
2026-03-01,2.8,3.0,2.7,2.9,1956935
2026-03-02,3.0,3.1,3.0,3.1,1297415
2026-03-03,3.4,3.4,3.2,3.4,4508499
2026-03-04,3.7,3.7,3.5,3.7,4088902
2026-03-05,4.0,4.0,3.5,3.6,5688800
2026-03-08,3.5,3.6,3.3,3.3,1496152
2026-03-09,3.1,3.5,3.0,3.4,1577915
2026-03-10,3.5,3.6,3.3,3.5,2170142
2026-03-11,3.6,3.6,3.4,3.5,2080978
2026-03-12,3.5,3.6,3.4,3.5,1693376
2026-03-15,3.6,3.8,3.6,3.8,3530958
2026-03-16,4.1,4.1,3.9,4.1,5746022
2026-03-24,4.2,4.5,4.1,4.5,4234782
2026-03-25,4.9,4.9,4.1,4.1,6568880
2026-03-29,4.1,4.2,3.9,4.1,2489323
2026-03-30,4.1,4.3,4.1,4.2,2186414
2026-03-31,4.2,4.2,3.8,3.8,2688575
2026-04-01,3.8,4.1,3.7,4.0,1447401
2026-04-02,4.0,4.1,3.7,3.7,1548488
2026-04-05,3.7,3.8,3.4,3.4,2406043
2026-04-06,3.4,3.7,3.1,3.5,1000705
2026-04-07,3.5,3.8,3.5,3.8,840567
2026-04-08,3.9,4.1,3.9,3.9,2701558
2026-04-09,3.9,3.9,3.6,3.6,1713056
2026-04-12,3.7,3.8,3.5,3.5,690882
2026-04-13,3.6,3.7,3.5,3.5,788102
2026-04-15,3.5,3.7,3.5,3.6,700753
2026-04-16,3.6,3.8,3.5,3.5,543171
2026-04-19,3.6,3.7,3.5,3.5,284407
2026-04-20,3.6,3.7,3.5,3.5,745191
2026-04-21,3.5,3.6,3.4,3.5,1099082
2026-04-22,3.7,3.7,3.5,3.6,867007
2026-04-23,3.6,3.7,3.4,3.5,787426
2026-04-26,3.6,3.6,3.4,3.4,439060
2026-04-27,3.5,3.5,3.3,3.3,719326
2026-04-28,3.5,3.6,3.2,3.2,640008
2026-04-29,3.3,3.4,3.2,3.3,160661
2026-04-30,3.3,3.4,3.3,3.3,252517
2026-05-03,3.3,3.5,3.3,3.4,586859
2026-05-04,3.5,3.6,3.4,3.4,316744
2026-05-05,3.5,3.6,3.3,3.3,321007
2026-05-06,3.4,3.4,3.3,3.3,316224
2026-05-07,3.4,3.4,3.1,3.2,583754
2026-05-10,3.2,3.3,3.2,3.2,534694
2026-05-11,3.3,3.3,3.0,3.1,636263
2026-05-12,3.1,3.2,3.0,3.1,430340
2026-05-13,3.1,3.2,3.0,3.1,221113
2026-05-14,3.1,3.3,3.1,3.3,540951
2026-05-17,3.3,3.4,3.2,3.3,294116
2026-05-18,3.3,3.3,3.2,3.2,235393
2026-05-19,3.1,3.2,3.0,3.0,519695
2026-05-20,3.2,3.3,3.1,3.3,1222288
2026-05-21,3.5,3.5,3.3,3.3,366207
2026-05-24,3.4,3.4,3.2,3.3,425582
2026-05-25,3.4,3.2,3.3,3.3,425582
2026-05-26,3.4,3.2,3.3,3.3,425582
2026-05-27,3.4,3.2,3.3,3.3,425582
2026-05-28,3.4,3.2,3.3,3.3,425582
2026-05-29,3.4,3.2,3.3,3.3,425582
2026-05-31,3.4,3.2,3.3,3.3,425582
